gas_day,gwh,source
2015-01-01,1935.024,zenodo
2015-01-02,2100.388,zenodo
2015-01-03,2279.309,zenodo
2015-01-04,2502.222,zenodo
2015-01-05,2319.574,zenodo
2015-01-06,2275.87,zenodo
2015-01-07,2408.107,zenodo
2015-01-08,2181.788,zenodo
2015-01-09,2005.498,zenodo
2015-01-10,2038.53,zenodo
2015-01-11,2310.455,zenodo
2015-01-12,2250.975,zenodo
2015-01-13,2397.394,zenodo
2015-01-14,2596.982,zenodo
2015-01-15,2500.706,zenodo
2015-01-16,2619.989,zenodo
2015-01-17,2620.006,zenodo
2015-01-18,2635.995,zenodo
2015-01-19,2898.851,zenodo
2015-01-20,2934.138,zenodo
2015-01-21,2862.981,zenodo
2015-01-22,2844.091,zenodo
2015-01-23,2816.098,zenodo
2015-01-24,2468.628,zenodo
2015-01-25,2362.118,zenodo
2015-01-26,2337.173,zenodo
2015-01-27,2378.266,zenodo
2015-01-28,2566.11,zenodo
2015-01-29,2783.47,zenodo
2015-01-30,2677.735,zenodo
2015-01-31,2690.135,zenodo
2015-02-01,2766.207,zenodo
2015-02-02,3030.718,zenodo
2015-02-03,2983.623,zenodo
2015-02-04,2911.06,zenodo
2015-02-05,2858.088,zenodo
2015-02-06,2853.468,zenodo
2015-02-07,2659.212,zenodo
2015-02-08,2482.473,zenodo
2015-02-09,2493.176,zenodo
2015-02-10,2586.348,zenodo
2015-02-11,2588.636,zenodo
2015-02-12,2558.931,zenodo
2015-02-13,2424.143,zenodo
2015-02-14,2146.309,zenodo
2015-02-15,2124.577,zenodo
2015-02-16,2386.066,zenodo
2015-02-17,2386.641,zenodo
2015-02-18,2273.379,zenodo
2015-02-19,2337.303,zenodo
2015-02-20,2326.894,zenodo
2015-02-21,2357.639,zenodo
2015-02-22,2576.403,zenodo
2015-02-23,2505.447,zenodo
2015-02-24,2462.636,zenodo
2015-02-25,2158.665,zenodo
2015-02-26,2175.919,zenodo
2015-02-27,2258.825,zenodo
2015-02-28,2070.193,zenodo
2015-03-01,2135.99,zenodo
2015-03-02,2490.362,zenodo
2015-03-03,2429.972,zenodo
2015-03-04,2347.586,zenodo
2015-03-05,2288.184,zenodo
2015-03-06,1928.959,zenodo
2015-03-07,1681.581,zenodo
2015-03-08,1850.9,zenodo
2015-03-09,2258.021,zenodo
2015-03-10,1990.181,zenodo
2015-03-11,2072.704,zenodo
2015-03-12,1910.01,zenodo
2015-03-13,2052.601,zenodo
2015-03-14,2177.474,zenodo
2015-03-15,2206.696,zenodo
2015-03-16,2243.625,zenodo
2015-03-17,2105.017,zenodo
2015-03-18,2090.363,zenodo
2015-03-19,2143.693,zenodo
2015-03-20,1914.95,zenodo
2015-03-21,1919.382,zenodo
2015-03-22,1867.89,zenodo
2015-03-23,1994.783,zenodo
2015-03-24,2033.803,zenodo
2015-03-25,2036.495,zenodo
2015-03-26,2065.265,zenodo
2015-03-27,1862.654,zenodo
2015-03-28,1626.347,zenodo
2015-03-29,1766.26,zenodo
2015-03-30,1990.057,zenodo
2015-03-31,1989.124,zenodo
2015-04-01,2073.423,zenodo
2015-04-02,1796.611,zenodo
2015-04-03,1727.969,zenodo
2015-04-04,1589.069,zenodo
2015-04-05,1392.846,zenodo
2015-04-06,1361.546,zenodo
2015-04-07,1318.051,zenodo
2015-04-08,1256.48,zenodo
2015-04-09,1167.387,zenodo
2015-04-10,1087.781,zenodo
2015-04-11,1239.283,zenodo
2015-04-12,1470.059,zenodo
2015-04-13,1467.182,zenodo
2015-04-14,1171.302,zenodo
2015-04-15,1123.191,zenodo
2015-04-16,1169.171,zenodo
2015-04-17,1247.746,zenodo
2015-04-18,1214.792,zenodo
2015-04-19,1416.175,zenodo
2015-04-20,1260.57,zenodo
2015-04-21,1105.612,zenodo
2015-04-22,1075.678,zenodo
2015-04-23,1041.586,zenodo
2015-04-24,1023.03,zenodo
2015-04-25,1065.76,zenodo
2015-04-26,1261.467,zenodo
2015-04-27,1483.741,zenodo
2015-04-28,1529.698,zenodo
2015-04-29,1518.52,zenodo
2015-04-30,1491.232,zenodo
2015-05-01,1470.309,zenodo
2015-05-02,1463.594,zenodo
2015-05-03,1218.54,zenodo
2015-05-04,1025.137,zenodo
2015-05-05,1209.423,zenodo
2015-05-06,1380.086,zenodo
2015-05-07,1228.547,zenodo
2015-05-08,1239.782,zenodo
2015-05-09,1126.956,zenodo
2015-05-10,1012.172,zenodo
2015-05-11,921.418,zenodo
2015-05-12,1021.482,zenodo
2015-05-13,996.341,zenodo
2015-05-14,1309.723,zenodo
2015-05-15,1062.136,zenodo
2015-05-16,935.451,zenodo
2015-05-17,1042.868,zenodo
2015-05-18,1240.748,zenodo
2015-05-19,1295.631,zenodo
2015-05-20,1212.924,zenodo
2015-05-21,1018.766,zenodo
2015-05-22,907.994,zenodo
2015-05-23,793.22,zenodo
2015-05-24,842.142,zenodo
2015-05-25,921.158,zenodo
2015-05-26,916.739,zenodo
2015-05-27,953.128,zenodo
2015-05-28,947.615,zenodo
2015-05-29,1068.464,zenodo
2015-05-30,914.388,zenodo
2015-05-31,1013.802,zenodo
2015-06-01,1203.174,zenodo
2015-06-02,1072.512,zenodo
2015-06-03,895.837,zenodo
2015-06-04,784.79,zenodo
2015-06-05,736.782,zenodo
2015-06-06,781.684,zenodo
2015-06-07,768.029,zenodo
2015-06-08,863.598,zenodo
2015-06-09,923.134,zenodo
2015-06-10,848.969,zenodo
2015-06-11,720.834,zenodo
2015-06-12,684.001,zenodo
2015-06-13,697.822,zenodo
2015-06-14,775.178,zenodo
2015-06-15,794.062,zenodo
2015-06-16,707.197,zenodo
2015-06-17,740.271,zenodo
2015-06-18,765.654,zenodo
2015-06-19,784.693,zenodo
2015-06-20,668.586,zenodo
2015-06-21,698.346,zenodo
2015-06-22,827.868,zenodo
2015-06-23,777.726,zenodo
2015-06-24,719.963,zenodo
2015-06-25,652.719,zenodo
2015-06-26,636.579,zenodo
2015-06-27,555.781,zenodo
2015-06-28,616.016,zenodo
2015-06-29,627.992,zenodo
2015-06-30,578.418,zenodo
2015-07-01,589.057,zenodo
2015-07-02,613.386,zenodo
2015-07-03,552.613,zenodo
2015-07-04,504.0,zenodo
2015-07-05,546.737,zenodo
2015-07-06,635.626,zenodo
2015-07-07,651.852,zenodo
2015-07-08,678.879,zenodo
2015-07-09,690.42,zenodo
2015-07-10,595.584,zenodo
2015-07-11,535.133,zenodo
2015-07-12,576.945,zenodo
2015-07-13,674.597,zenodo
2015-07-14,657.264,zenodo
2015-07-15,645.729,zenodo
2015-07-16,624.847,zenodo
2015-07-17,618.542,zenodo
2015-07-18,567.059,zenodo
2015-07-19,574.399,zenodo
2015-07-20,622.789,zenodo
2015-07-21,636.283,zenodo
2015-07-22,652.797,zenodo
2015-07-23,649.399,zenodo
2015-07-24,686.437,zenodo
2015-07-25,601.253,zenodo
2015-07-26,682.715,zenodo
2015-07-27,729.508,zenodo
2015-07-28,767.258,zenodo
2015-07-29,731.944,zenodo
2015-07-30,716.507,zenodo
2015-07-31,658.457,zenodo
2015-08-01,598.285,zenodo
2015-08-02,568.338,zenodo
2015-08-03,566.108,zenodo
2015-08-04,623.866,zenodo
2015-08-05,620.178,zenodo
2015-08-06,620.967,zenodo
2015-08-07,594.511,zenodo
2015-08-08,513.269,zenodo
2015-08-09,534.64,zenodo
2015-08-10,597.585,zenodo
2015-08-11,640.016,zenodo
2015-08-12,605.834,zenodo
2015-08-13,609.45,zenodo
2015-08-14,651.142,zenodo
2015-08-15,594.695,zenodo
2015-08-16,584.8,zenodo
2015-08-17,629.551,zenodo
2015-08-18,668.687,zenodo
2015-08-19,670.923,zenodo
2015-08-20,637.641,zenodo
2015-08-21,593.607,zenodo
2015-08-22,522.154,zenodo
2015-08-23,553.472,zenodo
2015-08-24,662.71,zenodo
2015-08-25,695.528,zenodo
2015-08-26,687.859,zenodo
2015-08-27,683.293,zenodo
2015-08-28,664.364,zenodo
2015-08-29,586.263,zenodo
2015-08-30,601.08,zenodo
2015-08-31,721.519,zenodo
2015-09-01,742.473,zenodo
2015-09-02,803.523,zenodo
2015-09-03,882.354,zenodo
2015-09-04,867.175,zenodo
2015-09-05,812.026,zenodo
2015-09-06,790.111,zenodo
2015-09-07,808.627,zenodo
2015-09-08,886.509,zenodo
2015-09-09,857.8,zenodo
2015-09-10,764.076,zenodo
2015-09-11,714.386,zenodo
2015-09-12,694.21,zenodo
2015-09-13,745.119,zenodo
2015-09-14,939.437,zenodo
2015-09-15,951.501,zenodo
2015-09-16,956.607,zenodo
2015-09-17,938.193,zenodo
2015-09-18,880.988,zenodo
2015-09-19,788.654,zenodo
2015-09-20,844.058,zenodo
2015-09-21,967.93,zenodo
2015-09-22,1053.051,zenodo
2015-09-23,1061.491,zenodo
2015-09-24,974.651,zenodo
2015-09-25,976.434,zenodo
2015-09-26,944.2,zenodo
2015-09-27,930.243,zenodo
2015-09-28,976.448,zenodo
2015-09-29,959.613,zenodo
2015-09-30,922.495,zenodo
2015-10-01,986.082,zenodo
2015-10-02,974.158,zenodo
2015-10-03,1031.027,zenodo
2015-10-04,998.922,zenodo
2015-10-05,1059.744,zenodo
2015-10-06,901.186,zenodo
2015-10-07,1045.348,zenodo
2015-10-08,1161.34,zenodo
2015-10-09,1126.147,zenodo
2015-10-10,1110.297,zenodo
2015-10-11,1105.482,zenodo
2015-10-12,1343.376,zenodo
2015-10-13,1476.81,zenodo
2015-10-14,1503.225,zenodo
2015-10-15,1546.17,zenodo
2015-10-16,1458.545,zenodo
2015-10-17,1355.685,zenodo
2015-10-18,1273.114,zenodo
2015-10-19,1358.374,zenodo
2015-10-20,1359.265,zenodo
2015-10-21,1340.033,zenodo
2015-10-22,1308.685,zenodo
2015-10-23,1452.003,zenodo
2015-10-24,1413.901,zenodo
2015-10-25,1542.134,zenodo
2015-10-26,1500.133,zenodo
2015-10-27,1302.821,zenodo
2015-10-28,1290.487,zenodo
2015-10-29,1374.232,zenodo
2015-10-30,1277.275,zenodo
2015-10-31,1153.696,zenodo
2015-11-01,1279.801,zenodo
2015-11-02,1517.723,zenodo
2015-11-03,1524.728,zenodo
2015-11-04,1406.646,zenodo
2015-11-05,1320.336,zenodo
2015-11-06,1228.352,zenodo
2015-11-07,1216.365,zenodo
2015-11-08,1387.225,zenodo
2015-11-09,1491.462,zenodo
2015-11-10,1238.364,zenodo
2015-11-11,1288.15,zenodo
2015-11-12,1434.049,zenodo
2015-11-13,1775.714,zenodo
2015-11-14,1728.692,zenodo
2015-11-15,1343.555,zenodo
2015-11-16,1551.709,zenodo
2015-11-17,1620.08,zenodo
2015-11-18,1656.643,zenodo
2015-11-19,1774.732,zenodo
2015-11-20,2017.104,zenodo
2015-11-21,2385.559,zenodo
2015-11-22,2380.018,zenodo
2015-11-23,2486.282,zenodo
2015-11-24,2172.236,zenodo
2015-11-25,2070.197,zenodo
2015-11-26,1914.705,zenodo
2015-11-27,1802.192,zenodo
2015-11-28,2118.943,zenodo
2015-11-29,1973.487,zenodo
2015-11-30,2045.024,zenodo
2015-12-01,1831.912,zenodo
2015-12-02,1717.509,zenodo
2015-12-03,1757.423,zenodo
2015-12-04,1880.121,zenodo
2015-12-05,1735.151,zenodo
2015-12-06,1609.051,zenodo
2015-12-07,1646.283,zenodo
2015-12-08,1761.485,zenodo
2015-12-09,2014.939,zenodo
2015-12-10,1969.298,zenodo
2015-12-11,2079.222,zenodo
2015-12-12,2023.556,zenodo
2015-12-13,2006.404,zenodo
2015-12-14,2029.048,zenodo
2015-12-15,1846.857,zenodo
2015-12-16,1565.849,zenodo
2015-12-17,1550.345,zenodo
2015-12-18,1537.707,zenodo
2015-12-19,1296.879,zenodo
2015-12-20,1506.987,zenodo
2015-12-21,1902.859,zenodo
2015-12-22,1662.486,zenodo
2015-12-23,1801.641,zenodo
2015-12-24,1810.381,zenodo
2015-12-25,1691.239,zenodo
2015-12-26,1365.797,zenodo
2015-12-27,1445.598,zenodo
2015-12-28,1559.162,zenodo
2015-12-29,1607.738,zenodo
2015-12-30,1671.78,zenodo
2015-12-31,1920.819,zenodo
2016-01-01,2081.477,zenodo
2016-01-02,1807.757,zenodo
2016-01-03,1883.997,zenodo
2016-01-04,2074.328,zenodo
2016-01-05,2056.059,zenodo
2016-01-06,2106.82,zenodo
2016-01-07,2260.548,zenodo
2016-01-08,2352.835,zenodo
2016-01-09,2074.332,zenodo
2016-01-10,2194.641,zenodo
2016-01-11,2405.566,zenodo
2016-01-12,2494.343,zenodo
2016-01-13,2583.776,zenodo
2016-01-14,2766.801,zenodo
2016-01-15,2793.689,zenodo
2016-01-16,2737.681,zenodo
2016-01-17,2680.632,zenodo
2016-01-18,2731.155,zenodo
2016-01-19,2781.569,zenodo
2016-01-20,2802.308,zenodo
2016-01-21,2761.035,zenodo
2016-01-22,2353.372,zenodo
2016-01-23,2078.428,zenodo
2016-01-24,1709.011,zenodo
2016-01-25,1828.231,zenodo
2016-01-26,2050.145,zenodo
2016-01-27,1949.793,zenodo
2016-01-28,2242.309,zenodo
2016-01-29,2031.395,zenodo
2016-01-30,2163.229,zenodo
2016-01-31,2119.659,zenodo
2016-02-01,1996.402,zenodo
2016-02-02,2258.544,zenodo
2016-02-03,2422.646,zenodo
2016-02-04,2111.181,zenodo
2016-02-05,1980.872,zenodo
2016-02-06,1982.446,zenodo
2016-02-07,2125.202,zenodo
2016-02-08,2364.708,zenodo
2016-02-09,2373.47,zenodo
2016-02-10,2375.651,zenodo
2016-02-11,2441.606,zenodo
2016-02-12,2458.529,zenodo
2016-02-13,2449.48,zenodo
2016-02-14,2457.275,zenodo
2016-02-15,2733.296,zenodo
2016-02-16,2667.813,zenodo
2016-02-17,2594.542,zenodo
2016-02-18,2445.48,zenodo
2016-02-19,2390.969,zenodo
2016-02-20,2052.873,zenodo
2016-02-21,1831.648,zenodo
2016-02-22,2114.554,zenodo
2016-02-23,2270.836,zenodo
2016-02-24,2482.388,zenodo
2016-02-25,2552.256,zenodo
2016-02-26,2455.311,zenodo
2016-02-27,2403.585,zenodo
2016-02-28,2377.887,zenodo
2016-02-29,2480.059,zenodo
2016-03-01,2205.864,zenodo
2016-03-02,2457.048,zenodo
2016-03-03,2332.791,zenodo
2016-03-04,2388.345,zenodo
2016-03-05,2376.544,zenodo
2016-03-06,2387.502,zenodo
2016-03-07,2433.979,zenodo
2016-03-08,2488.978,zenodo
2016-03-09,2382.425,zenodo
2016-03-10,2316.245,zenodo
2016-03-11,2157.481,zenodo
2016-03-12,1916.227,zenodo
2016-03-13,1855.139,zenodo
2016-03-14,2019.697,zenodo
2016-03-15,2146.035,zenodo
2016-03-16,2097.922,zenodo
2016-03-17,2033.269,zenodo
2016-03-18,2286.222,zenodo
2016-03-19,2076.371,zenodo
2016-03-20,1872.533,zenodo
2016-03-21,1955.366,zenodo
2016-03-22,1913.769,zenodo
2016-03-23,1957.836,zenodo
2016-03-24,1966.945,zenodo
2016-03-25,1532.687,zenodo
2016-03-26,1659.442,zenodo
2016-03-27,1706.223,zenodo
2016-03-28,1871.239,zenodo
2016-03-29,1960.95,zenodo
2016-03-30,1839.035,zenodo
2016-03-31,1732.774,zenodo
2016-04-01,1877.16,zenodo
2016-04-02,1546.775,zenodo
2016-04-03,1428.396,zenodo
2016-04-04,1549.382,zenodo
2016-04-05,1566.381,zenodo
2016-04-06,1762.856,zenodo
2016-04-07,1874.373,zenodo
2016-04-08,1665.511,zenodo
2016-04-09,1628.004,zenodo
2016-04-10,1635.174,zenodo
2016-04-11,1664.505,zenodo
2016-04-12,1588.453,zenodo
2016-04-13,1448.61,zenodo
2016-04-14,1458.738,zenodo
2016-04-15,1680.517,zenodo
2016-04-16,1763.678,zenodo
2016-04-17,1643.54,zenodo
2016-04-18,1750.789,zenodo
2016-04-19,1425.612,zenodo
2016-04-20,1350.564,zenodo
2016-04-21,1390.882,zenodo
2016-04-22,1601.712,zenodo
2016-04-23,1577.102,zenodo
2016-04-24,1651.395,zenodo
2016-04-25,1810.836,zenodo
2016-04-26,1988.127,zenodo
2016-04-27,1944.964,zenodo
2016-04-28,2006.544,zenodo
2016-04-29,1947.416,zenodo
2016-04-30,1629.098,zenodo
2016-05-01,1495.517,zenodo
2016-05-02,1390.213,zenodo
2016-05-03,1413.942,zenodo
2016-05-04,1237.421,zenodo
2016-05-05,1011.404,zenodo
2016-05-06,904.511,zenodo
2016-05-07,812.0,zenodo
2016-05-08,757.769,zenodo
2016-05-09,761.013,zenodo
2016-05-10,841.69,zenodo
2016-05-11,865.706,zenodo
2016-05-12,822.949,zenodo
2016-05-13,957.077,zenodo
2016-05-14,974.955,zenodo
2016-05-15,960.613,zenodo
2016-05-16,970.674,zenodo
2016-05-17,938.744,zenodo
2016-05-18,1030.0,zenodo
2016-05-19,1032.327,zenodo
2016-05-20,920.189,zenodo
2016-05-21,883.773,zenodo
2016-05-22,843.391,zenodo
2016-05-23,898.587,zenodo
2016-05-24,918.459,zenodo
2016-05-25,1184.537,zenodo
2016-05-26,1038.197,zenodo
2016-05-27,880.11,zenodo
2016-05-28,743.961,zenodo
2016-05-29,747.301,zenodo
2016-05-30,811.295,zenodo
2016-05-31,1022.954,zenodo
2016-06-01,1098.257,zenodo
2016-06-02,1044.976,zenodo
2016-06-03,991.695,zenodo
2016-06-04,772.884,zenodo
2016-06-05,700.654,zenodo
2016-06-06,708.587,zenodo
2016-06-07,667.554,zenodo
2016-06-08,675.621,zenodo
2016-06-09,687.402,zenodo
2016-06-10,656.452,zenodo
2016-06-11,640.035,zenodo
2016-06-12,652.081,zenodo
2016-06-13,751.866,zenodo
2016-06-14,768.283,zenodo
2016-06-15,779.64,zenodo
2016-06-16,800.933,zenodo
2016-06-17,795.622,zenodo
2016-06-18,741.045,zenodo
2016-06-19,724.516,zenodo
2016-06-20,757.04,zenodo
2016-06-21,698.092,zenodo
2016-06-22,689.974,zenodo
2016-06-23,681.856,zenodo
2016-06-24,673.371,zenodo
2016-06-25,639.707,zenodo
2016-06-26,683.649,zenodo
2016-06-27,722.978,zenodo
2016-06-28,789.82,zenodo
2016-06-29,864.838,zenodo
2016-06-30,787.236,zenodo
2016-07-01,773.766,zenodo
2016-07-02,739.026,zenodo
2016-07-03,691.258,zenodo
2016-07-04,714.572,zenodo
2016-07-05,717.318,zenodo
2016-07-06,712.021,zenodo
2016-07-07,684.218,zenodo
2016-07-08,642.658,zenodo
2016-07-09,602.504,zenodo
2016-07-10,592.889,zenodo
2016-07-11,673.511,zenodo
2016-07-12,723.281,zenodo
2016-07-13,730.882,zenodo
2016-07-14,699.459,zenodo
2016-07-15,657.067,zenodo
2016-07-16,568.798,zenodo
2016-07-17,550.644,zenodo
2016-07-18,571.053,zenodo
2016-07-19,540.654,zenodo
2016-07-20,550.836,zenodo
2016-07-21,570.331,zenodo
2016-07-22,561.264,zenodo
2016-07-23,518.011,zenodo
2016-07-24,531.694,zenodo
2016-07-25,591.163,zenodo
2016-07-26,611.792,zenodo
2016-07-27,509.508,zenodo
2016-07-28,533.497,zenodo
2016-07-29,557.454,zenodo
2016-07-30,581.411,zenodo
2016-07-31,589.427,zenodo
2016-08-01,614.939,zenodo
2016-08-02,640.451,zenodo
2016-08-03,613.706,zenodo
2016-08-04,628.965,zenodo
2016-08-05,602.05,zenodo
2016-08-06,534.256,zenodo
2016-08-07,518.451,zenodo
2016-08-08,613.363,zenodo
2016-08-09,636.015,zenodo
2016-08-10,658.668,zenodo
2016-08-11,681.32,zenodo
2016-08-12,611.89,zenodo
2016-08-13,542.459,zenodo
2016-08-14,556.151,zenodo
2016-08-15,554.678,zenodo
2016-08-16,603.368,zenodo
2016-08-17,554.922,zenodo
2016-08-18,604.189,zenodo
2016-08-19,623.194,zenodo
2016-08-20,582.35,zenodo
2016-08-21,582.441,zenodo
2016-08-22,597.939,zenodo
2016-08-23,613.438,zenodo
2016-08-24,603.606,zenodo
2016-08-25,612.973,zenodo
2016-08-26,592.4,zenodo
2016-08-27,559.018,zenodo
2016-08-28,570.546,zenodo
2016-08-29,582.075,zenodo
2016-08-30,587.609,zenodo
2016-08-31,609.678,zenodo
2016-09-01,631.748,zenodo
2016-09-02,653.817,zenodo
2016-09-03,621.504,zenodo
2016-09-04,613.945,zenodo
2016-09-05,672.507,zenodo
2016-09-06,632.222,zenodo
2016-09-07,604.821,zenodo
2016-09-08,637.921,zenodo
2016-09-09,635.851,zenodo
2016-09-10,633.146,zenodo
2016-09-11,638.089,zenodo
2016-09-12,666.017,zenodo
2016-09-13,635.741,zenodo
2016-09-14,631.154,zenodo
2016-09-15,628.741,zenodo
2016-09-16,653.323,zenodo
2016-09-17,663.42,zenodo
2016-09-18,663.5,zenodo
2016-09-19,736.762,zenodo
2016-09-20,762.931,zenodo
2016-09-21,755.779,zenodo
2016-09-22,759.992,zenodo
2016-09-23,777.091,zenodo
2016-09-24,679.685,zenodo
2016-09-25,699.718,zenodo
2016-09-26,909.996,zenodo
2016-09-27,854.907,zenodo
2016-09-28,799.819,zenodo
2016-09-29,827.631,zenodo
2016-09-30,916.568,zenodo
2016-10-01,1007.303,zenodo
2016-10-02,999.594,zenodo
2016-10-03,1093.332,zenodo
2016-10-04,1017.205,zenodo
2016-10-05,1015.023,zenodo
2016-10-06,1130.266,zenodo
2016-10-07,1159.725,zenodo
2016-10-08,1052.325,zenodo
2016-10-09,1139.102,zenodo
2016-10-10,1378.864,zenodo
2016-10-11,1432.036,zenodo
2016-10-12,1348.242,zenodo
2016-10-13,1413.451,zenodo
2016-10-14,1381.047,zenodo
2016-10-15,1231.459,zenodo
2016-10-16,1240.001,zenodo
2016-10-17,1272.961,zenodo
2016-10-18,1462.685,zenodo
2016-10-19,1499.917,zenodo
2016-10-20,1482.52,zenodo
2016-10-21,1526.004,zenodo
2016-10-22,1503.638,zenodo
2016-10-23,1522.156,zenodo
2016-10-24,1648.587,zenodo
2016-10-25,1552.005,zenodo
2016-10-26,1414.783,zenodo
2016-10-27,1426.841,zenodo
2016-10-28,1280.541,zenodo
2016-10-29,1220.552,zenodo
2016-10-30,1277.959,zenodo
2016-10-31,1455.387,zenodo
2016-11-01,1632.815,zenodo
2016-11-02,1910.173,zenodo
2016-11-03,2025.834,zenodo
2016-11-04,1873.076,zenodo
2016-11-05,1990.672,zenodo
2016-11-06,2177.786,zenodo
2016-11-07,2320.663,zenodo
2016-11-08,2451.501,zenodo
2016-11-09,2354.698,zenodo
2016-11-10,2249.857,zenodo
2016-11-11,2185.419,zenodo
2016-11-12,1908.754,zenodo
2016-11-13,1873.265,zenodo
2016-11-14,1803.494,zenodo
2016-11-15,1568.586,zenodo
2016-11-16,1713.736,zenodo
2016-11-17,2115.78,zenodo
2016-11-18,2364.829,zenodo
2016-11-19,2297.802,zenodo
2016-11-20,2270.694,zenodo
2016-11-21,2348.956,zenodo
2016-11-22,2206.204,zenodo
2016-11-23,2250.896,zenodo
2016-11-24,2285.951,zenodo
2016-11-25,2296.633,zenodo
2016-11-26,2279.826,zenodo
2016-11-27,2175.594,zenodo
2016-11-28,2375.516,zenodo
2016-11-29,2731.828,zenodo
2016-11-30,2761.249,zenodo
2016-12-01,2555.477,zenodo
2016-12-02,2357.858,zenodo
2016-12-03,2256.185,zenodo
2016-12-04,2455.119,zenodo
2016-12-05,2724.947,zenodo
2016-12-06,2469.629,zenodo
2016-12-07,1895.929,zenodo
2016-12-08,1781.496,zenodo
2016-12-09,1680.547,zenodo
2016-12-10,1668.38,zenodo
2016-12-11,1948.42,zenodo
2016-12-12,2197.725,zenodo
2016-12-13,1967.176,zenodo
2016-12-14,1869.649,zenodo
2016-12-15,2007.578,zenodo
2016-12-16,1941.003,zenodo
2016-12-17,2028.891,zenodo
2016-12-18,2071.123,zenodo
2016-12-19,2255.334,zenodo
2016-12-20,2320.484,zenodo
2016-12-21,2249.477,zenodo
2016-12-22,2308.156,zenodo
2016-12-23,2159.432,zenodo
2016-12-24,1977.257,zenodo
2016-12-25,1523.808,zenodo
2016-12-26,1991.121,zenodo
2016-12-27,2395.34,zenodo
2016-12-28,2600.416,zenodo
2016-12-29,2579.206,zenodo
2016-12-30,2414.383,zenodo
2016-12-31,2060.84,zenodo
2017-01-01,2138.733,zenodo
2017-01-02,2590.365,zenodo
2017-01-03,2699.192,zenodo
2017-01-04,2576.082,zenodo
2017-01-05,2848.504,zenodo
2017-01-06,2699.579,zenodo
2017-01-07,2081.009,zenodo
2017-01-08,1959.102,zenodo
2017-01-09,2199.003,zenodo
2017-01-10,2288.295,zenodo
2017-01-11,2340.26,zenodo
2017-01-12,2682.087,zenodo
2017-01-13,2930.911,zenodo
2017-01-14,2677.479,zenodo
2017-01-15,2368.71,zenodo
2017-01-16,2348.47,zenodo
2017-01-17,2458.438,zenodo
2017-01-18,2546.659,zenodo
2017-01-19,2561.068,zenodo
2017-01-20,2604.125,zenodo
2017-01-21,2703.881,zenodo
2017-01-22,2760.902,zenodo
2017-01-23,2826.837,zenodo
2017-01-24,2660.773,zenodo
2017-01-25,2705.672,zenodo
2017-01-26,3082.328,zenodo
2017-01-27,2920.378,zenodo
2017-01-28,2385.56,zenodo
2017-01-29,2421.777,zenodo
2017-01-30,2407.117,zenodo
2017-01-31,2383.437,zenodo
2017-02-01,2078.44,zenodo
2017-02-02,2017.753,zenodo
2017-02-03,2136.36,zenodo
2017-02-04,2205.274,zenodo
2017-02-05,2370.814,zenodo
2017-02-06,2644.387,zenodo
2017-02-07,2375.817,zenodo
2017-02-08,2623.513,zenodo
2017-02-09,2897.04,zenodo
2017-02-10,2929.242,zenodo
2017-02-11,2856.015,zenodo
2017-02-12,2789.914,zenodo
2017-02-13,2607.991,zenodo
2017-02-14,2470.301,zenodo
2017-02-15,2142.235,zenodo
2017-02-16,2118.339,zenodo
2017-02-17,1929.052,zenodo
2017-02-18,1834.974,zenodo
2017-02-19,1825.69,zenodo
2017-02-20,1739.712,zenodo
2017-02-21,1807.476,zenodo
2017-02-22,1884.051,zenodo
2017-02-23,2212.449,zenodo
2017-02-24,2162.828,zenodo
2017-02-25,2028.909,zenodo
2017-02-26,1915.089,zenodo
2017-02-27,2275.687,zenodo
2017-02-28,2460.703,zenodo
2017-03-01,2296.706,zenodo
2017-03-02,2267.552,zenodo
2017-03-03,2217.632,zenodo
2017-03-04,1898.065,zenodo
2017-03-05,2104.97,zenodo
2017-03-06,2125.11,zenodo
2017-03-07,2023.619,zenodo
2017-03-08,1863.122,zenodo
2017-03-09,1680.881,zenodo
2017-03-10,1755.985,zenodo
2017-03-11,1510.373,zenodo
2017-03-12,1574.104,zenodo
2017-03-13,1671.976,zenodo
2017-03-14,1629.689,zenodo
2017-03-15,1508.627,zenodo
2017-03-16,1731.357,zenodo
2017-03-17,1935.865,zenodo
2017-03-18,1566.865,zenodo
2017-03-19,1496.686,zenodo
2017-03-20,1794.191,zenodo
2017-03-21,2001.891,zenodo
2017-03-22,2202.739,zenodo
2017-03-23,2069.641,zenodo
2017-03-24,1906.207,zenodo
2017-03-25,1582.194,zenodo
2017-03-26,1519.048,zenodo
2017-03-27,1670.094,zenodo
2017-03-28,1619.653,zenodo
2017-03-29,1533.131,zenodo
2017-03-30,1254.148,zenodo
2017-03-31,1195.413,zenodo
2017-04-01,1254.444,zenodo
2017-04-02,1257.63,zenodo
2017-04-03,1367.238,zenodo
2017-04-04,1400.881,zenodo
2017-04-05,1459.877,zenodo
2017-04-06,1410.013,zenodo
2017-04-07,1337.101,zenodo
2017-04-08,1096.6,zenodo
2017-04-09,998.336,zenodo
2017-04-10,1289.193,zenodo
2017-04-11,1351.637,zenodo
2017-04-12,1422.579,zenodo
2017-04-13,1454.72,zenodo
2017-04-14,1391.2,zenodo
2017-04-15,1294.434,zenodo
2017-04-16,1383.264,zenodo
2017-04-17,1460.035,zenodo
2017-04-18,1522.842,zenodo
2017-04-19,1455.546,zenodo
2017-04-20,1378.003,zenodo
2017-04-21,1328.403,zenodo
2017-04-22,1200.875,zenodo
2017-04-23,1166.162,zenodo
2017-04-24,1512.603,zenodo
2017-04-25,1835.1,zenodo
2017-04-26,1884.124,zenodo
2017-04-27,1818.54,zenodo
2017-04-28,1526.623,zenodo
2017-04-29,1297.582,zenodo
2017-04-30,1188.574,zenodo
2017-05-01,1242.649,zenodo
2017-05-02,1233.861,zenodo
2017-05-03,1393.132,zenodo
2017-05-04,1308.395,zenodo
2017-05-05,1201.183,zenodo
2017-05-06,1245.034,zenodo
2017-05-07,1137.591,zenodo
2017-05-08,1378.064,zenodo
2017-05-09,1328.461,zenodo
2017-05-10,1116.754,zenodo
2017-05-11,1007.999,zenodo
2017-05-12,1038.854,zenodo
2017-05-13,956.458,zenodo
2017-05-14,893.455,zenodo
2017-05-15,1075.301,zenodo
2017-05-16,911.503,zenodo
2017-05-17,1022.456,zenodo
2017-05-18,1010.452,zenodo
2017-05-19,1076.446,zenodo
2017-05-20,987.521,zenodo
2017-05-21,878.956,zenodo
2017-05-22,813.464,zenodo
2017-05-23,787.765,zenodo
2017-05-24,709.596,zenodo
2017-05-25,648.849,zenodo
2017-05-26,599.153,zenodo
2017-05-27,552.359,zenodo
2017-05-28,587.645,zenodo
2017-05-29,695.274,zenodo
2017-05-30,694.01,zenodo
2017-05-31,704.142,zenodo
2017-06-01,665.456,zenodo
2017-06-02,665.153,zenodo
2017-06-03,616.712,zenodo
2017-06-04,670.123,zenodo
2017-06-05,876.569,zenodo
2017-06-06,1011.692,zenodo
2017-06-07,892.756,zenodo
2017-06-08,892.845,zenodo
2017-06-09,773.045,zenodo
2017-06-10,679.783,zenodo
2017-06-11,686.425,zenodo
2017-06-12,785.061,zenodo
2017-06-13,757.442,zenodo
2017-06-14,677.286,zenodo
2017-06-15,682.408,zenodo
2017-06-16,677.954,zenodo
2017-06-17,570.475,zenodo
2017-06-18,552.166,zenodo
2017-06-19,579.082,zenodo
2017-06-20,591.25,zenodo
2017-06-21,592.695,zenodo
2017-06-22,608.209,zenodo
2017-06-23,639.68,zenodo
2017-06-24,607.151,zenodo
2017-06-25,627.719,zenodo
2017-06-26,683.617,zenodo
2017-06-27,759.867,zenodo
2017-06-28,837.37,zenodo
2017-06-29,906.093,zenodo
2017-06-30,770.599,zenodo
2017-07-01,667.673,zenodo
2017-07-02,637.901,zenodo
2017-07-03,664.895,zenodo
2017-07-04,690.955,zenodo
2017-07-05,667.435,zenodo
2017-07-06,627.195,zenodo
2017-07-07,611.569,zenodo
2017-07-08,563.805,zenodo
2017-07-09,569.89,zenodo
2017-07-10,646.964,zenodo
2017-07-11,707.696,zenodo
2017-07-12,676.232,zenodo
2017-07-13,653.094,zenodo
2017-07-14,667.656,zenodo
2017-07-15,606.94,zenodo
2017-07-16,591.863,zenodo
2017-07-17,622.437,zenodo
2017-07-18,597.805,zenodo
2017-07-19,614.344,zenodo
2017-07-20,654.881,zenodo
2017-07-21,636.597,zenodo
2017-07-22,630.418,zenodo
2017-07-23,634.568,zenodo
2017-07-24,671.51,zenodo
2017-07-25,650.684,zenodo
2017-07-26,647.714,zenodo
2017-07-27,667.029,zenodo
2017-07-28,665.488,zenodo
2017-07-29,596.049,zenodo
2017-07-30,588.063,zenodo
2017-07-31,631.836,zenodo
2017-08-01,633.5,zenodo
2017-08-02,648.693,zenodo
2017-08-03,638.676,zenodo
2017-08-04,612.751,zenodo
2017-08-05,594.585,zenodo
2017-08-06,608.079,zenodo
2017-08-07,640.878,zenodo
2017-08-08,685.462,zenodo
2017-08-09,734.968,zenodo
2017-08-10,688.06,zenodo
2017-08-11,686.186,zenodo
2017-08-12,588.299,zenodo
2017-08-13,599.306,zenodo
2017-08-14,680.275,zenodo
2017-08-15,638.441,zenodo
2017-08-16,669.487,zenodo
2017-08-17,637.903,zenodo
2017-08-18,677.178,zenodo
2017-08-19,652.311,zenodo
2017-08-20,659.699,zenodo
2017-08-21,696.495,zenodo
2017-08-22,650.456,zenodo
2017-08-23,656.639,zenodo
2017-08-24,679.102,zenodo
2017-08-25,647.851,zenodo
2017-08-26,566.432,zenodo
2017-08-27,537.034,zenodo
2017-08-28,559.61,zenodo
2017-08-29,665.354,zenodo
2017-08-30,736.829,zenodo
2017-08-31,756.09,zenodo
2017-09-01,735.019,zenodo
2017-09-02,657.451,zenodo
2017-09-03,715.793,zenodo
2017-09-04,740.549,zenodo
2017-09-05,739.83,zenodo
2017-09-06,808.279,zenodo
2017-09-07,810.925,zenodo
2017-09-08,801.038,zenodo
2017-09-09,769.618,zenodo
2017-09-10,866.415,zenodo
2017-09-11,907.665,zenodo
2017-09-12,948.915,zenodo
2017-09-13,978.733,zenodo
2017-09-14,1027.219,zenodo
2017-09-15,1067.427,zenodo
2017-09-16,1039.495,zenodo
2017-09-17,1021.227,zenodo
2017-09-18,1081.234,zenodo
2017-09-19,1053.745,zenodo
2017-09-20,1009.109,zenodo
2017-09-21,997.617,zenodo
2017-09-22,1052.551,zenodo
2017-09-23,861.314,zenodo
2017-09-24,823.866,zenodo
2017-09-25,876.219,zenodo
2017-09-26,856.221,zenodo
2017-09-27,905.222,zenodo
2017-09-28,857.619,zenodo
2017-09-29,872.611,zenodo
2017-09-30,958.548,zenodo
2017-10-01,936.491,zenodo
2017-10-02,1024.877,zenodo
2017-10-03,1206.121,zenodo
2017-10-04,1267.035,zenodo
2017-10-05,1150.808,zenodo
2017-10-06,1230.495,zenodo
2017-10-07,1091.541,zenodo
2017-10-08,1040.282,zenodo
2017-10-09,1119.801,zenodo
2017-10-10,1087.519,zenodo
2017-10-11,1119.098,zenodo
2017-10-12,1189.048,zenodo
2017-10-13,1000.699,zenodo
2017-10-14,841.068,zenodo
2017-10-15,858.345,zenodo
2017-10-16,952.873,zenodo
2017-10-17,1181.273,zenodo
2017-10-18,1283.114,zenodo
2017-10-19,1192.602,zenodo
2017-10-20,1202.221,zenodo
2017-10-21,1202.197,zenodo
2017-10-22,1359.744,zenodo
2017-10-23,1333.166,zenodo
2017-10-24,1141.541,zenodo
2017-10-25,1144.383,zenodo
2017-10-26,1308.817,zenodo
2017-10-27,1354.578,zenodo
2017-10-28,1408.759,zenodo
2017-10-29,1391.9,zenodo
2017-10-30,1845.423,zenodo
2017-10-31,1638.38,zenodo
2017-11-01,1582.704,zenodo
2017-11-02,1688.489,zenodo
2017-11-03,1595.788,zenodo
2017-11-04,1497.127,zenodo
2017-11-05,1843.954,zenodo
2017-11-06,2035.764,zenodo
2017-11-07,1922.986,zenodo
2017-11-08,2076.139,zenodo
2017-11-09,1895.584,zenodo
2017-11-10,1836.226,zenodo
2017-11-11,1795.464,zenodo
2017-11-12,2010.296,zenodo
2017-11-13,2372.346,zenodo
2017-11-14,1957.375,zenodo
2017-11-15,1781.896,zenodo
2017-11-16,1835.239,zenodo
2017-11-17,2181.895,zenodo
2017-11-18,2054.516,zenodo
2017-11-19,2119.575,zenodo
2017-11-20,1933.892,zenodo
2017-11-21,1675.941,zenodo
2017-11-22,1593.588,zenodo
2017-11-23,1904.634,zenodo
2017-11-24,2246.632,zenodo
2017-11-25,2383.707,zenodo
2017-11-26,2367.74,zenodo
2017-11-27,2332.107,zenodo
2017-11-28,2494.549,zenodo
2017-11-29,2703.11,zenodo
2017-11-30,2892.429,zenodo
2017-12-01,2757.211,zenodo
2017-12-02,2349.676,zenodo
2017-12-03,2114.138,zenodo
2017-12-04,2247.188,zenodo
2017-12-05,2173.353,zenodo
2017-12-06,2050.101,zenodo
2017-12-07,2205.368,zenodo
2017-12-08,2774.164,zenodo
2017-12-09,2832.304,zenodo
2017-12-10,2847.799,zenodo
2017-12-11,3119.456,zenodo
2017-12-12,3066.376,zenodo
2017-12-13,2690.112,zenodo
2017-12-14,2784.709,zenodo
2017-12-15,2793.206,zenodo
2017-12-16,2772.648,zenodo
2017-12-17,2615.042,zenodo
2017-12-18,2658.386,zenodo
2017-12-19,2531.107,zenodo
2017-12-20,2103.092,zenodo
2017-12-21,1943.464,zenodo
2017-12-22,1850.152,zenodo
2017-12-23,1786.281,zenodo
2017-12-24,1727.284,zenodo
2017-12-25,1685.977,zenodo
2017-12-26,2120.144,zenodo
2017-12-27,2606.727,zenodo
2017-12-28,2740.979,zenodo
2017-12-29,2606.733,zenodo
2017-12-30,2049.307,zenodo
2017-12-31,1957.739,zenodo
2018-01-01,2230.449,zenodo
2018-01-02,2372.656,zenodo
2018-01-03,2362.125,zenodo
2018-01-04,2303.82,zenodo
2018-01-05,2433.282,zenodo
2018-01-06,2581.52,zenodo
2018-01-07,2757.063,zenodo
2018-01-08,2978.305,zenodo
2018-01-09,2669.269,zenodo
2018-01-10,2391.681,zenodo
2018-01-11,2519.542,zenodo
2018-01-12,2422.114,zenodo
2018-01-13,2375.832,zenodo
2018-01-14,2423.81,zenodo
2018-01-15,2410.97,zenodo
2018-01-16,2678.929,zenodo
2018-01-17,2776.043,zenodo
2018-01-18,2638.02,zenodo
2018-01-19,2767.518,zenodo
2018-01-20,2685.374,zenodo
2018-01-21,2710.771,zenodo
2018-01-22,2388.034,zenodo
2018-01-23,2151.136,zenodo
2018-01-24,2237.294,zenodo
2018-01-25,2367.224,zenodo
2018-01-26,2440.754,zenodo
2018-01-27,2238.763,zenodo
2018-01-28,1931.479,zenodo
2018-01-29,2214.59,zenodo
2018-01-30,2450.628,zenodo
2018-01-31,2524.458,zenodo
2018-02-01,2638.626,zenodo
2018-02-02,2557.362,zenodo
2018-02-03,2508.674,zenodo
2018-02-04,2616.636,zenodo
2018-02-05,2872.758,zenodo
2018-02-06,2963.416,zenodo
2018-02-07,2907.274,zenodo
2018-02-08,2726.478,zenodo
2018-02-09,2701.367,zenodo
2018-02-10,2579.498,zenodo
2018-02-11,2563.162,zenodo
2018-02-12,2784.429,zenodo
2018-02-13,2881.812,zenodo
2018-02-14,2875.798,zenodo
2018-02-15,2488.789,zenodo
2018-02-16,2520.357,zenodo
2018-02-17,2299.497,zenodo
2018-02-18,2247.044,zenodo
2018-02-19,2161.33,zenodo
2018-02-20,2204.12,zenodo
2018-02-21,2409.262,zenodo
2018-02-22,2644.636,zenodo
2018-02-23,2834.703,zenodo
2018-02-24,2652.846,zenodo
2018-02-25,2727.215,zenodo
2018-02-26,3163.478,zenodo
2018-02-27,3319.828,zenodo
2018-02-28,3641.947,zenodo
2018-03-01,3892.77,zenodo
2018-03-02,3629.039,zenodo
2018-03-03,3115.552,zenodo
2018-03-04,2638.187,zenodo
2018-03-05,2406.891,zenodo
2018-03-06,2383.001,zenodo
2018-03-07,2342.157,zenodo
2018-03-08,2421.639,zenodo
2018-03-09,2294.372,zenodo
2018-03-10,2102.597,zenodo
2018-03-11,1910.821,zenodo
2018-03-12,2158.504,zenodo
2018-03-13,2084.289,zenodo
2018-03-14,2110.436,zenodo
2018-03-15,2102.081,zenodo
2018-03-16,2088.492,zenodo
2018-03-17,2887.941,zenodo
2018-03-18,3203.049,zenodo
2018-03-19,2987.542,zenodo
2018-03-20,2693.217,zenodo
2018-03-21,2398.892,zenodo
2018-03-22,2185.149,zenodo
2018-03-23,2019.038,zenodo
2018-03-24,1894.649,zenodo
2018-03-25,1796.669,zenodo
2018-03-26,1919.035,zenodo
2018-03-27,2035.215,zenodo
2018-03-28,2171.322,zenodo
2018-03-29,2243.838,zenodo
2018-03-30,2200.695,zenodo
2018-03-31,2217.202,zenodo
2018-04-01,2169.222,zenodo
2018-04-02,2208.194,zenodo
2018-04-03,1856.625,zenodo
2018-04-04,1953.56,zenodo
2018-04-05,1883.68,zenodo
2018-04-06,1727.334,zenodo
2018-04-07,1575.191,zenodo
2018-04-08,1592.944,zenodo
2018-04-09,1777.896,zenodo
2018-04-10,1878.08,zenodo
2018-04-11,1939.774,zenodo
2018-04-12,2018.676,zenodo
2018-04-13,1913.474,zenodo
2018-04-14,1321.762,zenodo
2018-04-15,1436.765,zenodo
2018-04-16,1413.953,zenodo
2018-04-17,1395.358,zenodo
2018-04-18,963.3,zenodo
2018-04-19,817.398,zenodo
2018-04-20,808.003,zenodo
2018-04-21,720.385,zenodo
2018-04-22,814.335,zenodo
2018-04-23,1064.56,zenodo
2018-04-24,1296.498,zenodo
2018-04-25,1307.538,zenodo
2018-04-26,1367.142,zenodo
2018-04-27,1589.652,zenodo
2018-04-28,1579.461,zenodo
2018-04-29,1762.332,zenodo
2018-04-30,1907.338,zenodo
2018-05-01,1590.758,zenodo
2018-05-02,1542.447,zenodo
2018-05-03,1348.284,zenodo
2018-05-04,1024.297,zenodo
2018-05-05,774.532,zenodo
2018-05-06,666.027,zenodo
2018-05-07,664.207,zenodo
2018-05-08,730.083,zenodo
2018-05-09,837.414,zenodo
2018-05-10,899.504,zenodo
2018-05-11,981.073,zenodo
2018-05-12,918.538,zenodo
2018-05-13,848.65,zenodo
2018-05-14,843.804,zenodo
2018-05-15,785.293,zenodo
2018-05-16,935.515,zenodo
2018-05-17,945.715,zenodo
2018-05-18,872.196,zenodo
2018-05-19,703.279,zenodo
2018-05-20,694.506,zenodo
2018-05-21,691.852,zenodo
2018-05-22,741.162,zenodo
2018-05-23,805.531,zenodo
2018-05-24,819.604,zenodo
2018-05-25,831.77,zenodo
2018-05-26,660.776,zenodo
2018-05-27,584.689,zenodo
2018-05-28,587.069,zenodo
2018-05-29,687.917,zenodo
2018-05-30,763.859,zenodo
2018-05-31,684.52,zenodo
2018-06-01,620.733,zenodo
2018-06-02,558.893,zenodo
2018-06-03,575.614,zenodo
2018-06-04,689.099,zenodo
2018-06-05,738.796,zenodo
2018-06-06,737.345,zenodo
2018-06-07,709.228,zenodo
2018-06-08,694.192,zenodo
2018-06-09,598.233,zenodo
2018-06-10,611.049,zenodo
2018-06-11,649.182,zenodo
2018-06-12,695.209,zenodo
2018-06-13,696.058,zenodo
2018-06-14,687.015,zenodo
2018-06-15,685.885,zenodo
2018-06-16,621.764,zenodo
2018-06-17,641.017,zenodo
2018-06-18,695.824,zenodo
2018-06-19,660.357,zenodo
2018-06-20,689.52,zenodo
2018-06-21,711.394,zenodo
2018-06-22,664.354,zenodo
2018-06-23,602.525,zenodo
2018-06-24,570.61,zenodo
2018-06-25,596.454,zenodo
2018-06-26,596.024,zenodo
2018-06-27,586.627,zenodo
2018-06-28,588.347,zenodo
2018-06-29,570.236,zenodo
2018-06-30,504.616,zenodo
2018-07-01,506.541,zenodo
2018-07-02,541.738,zenodo
2018-07-03,576.439,zenodo
2018-07-04,586.202,zenodo
2018-07-05,571.674,zenodo
2018-07-06,564.18,zenodo
2018-07-07,499.796,zenodo
2018-07-08,493.023,zenodo
2018-07-09,561.039,zenodo
2018-07-10,586.792,zenodo
2018-07-11,578.822,zenodo
2018-07-12,594.793,zenodo
2018-07-13,580.68,zenodo
2018-07-14,491.65,zenodo
2018-07-15,488.723,zenodo
2018-07-16,554.686,zenodo
2018-07-17,567.307,zenodo
2018-07-18,577.542,zenodo
2018-07-19,561.783,zenodo
2018-07-20,562.268,zenodo
2018-07-21,516.116,zenodo
2018-07-22,508.374,zenodo
2018-07-23,528.444,zenodo
2018-07-24,527.933,zenodo
2018-07-25,527.226,zenodo
2018-07-26,524.687,zenodo
2018-07-27,483.481,zenodo
2018-07-28,478.91,zenodo
2018-07-29,514.627,zenodo
2018-07-30,551.098,zenodo
2018-07-31,563.234,zenodo
2018-08-01,553.819,zenodo
2018-08-02,532.52,zenodo
2018-08-03,511.221,zenodo
2018-08-04,454.439,zenodo
2018-08-05,456.909,zenodo
2018-08-06,509.682,zenodo
2018-08-07,531.354,zenodo
2018-08-08,547.458,zenodo
2018-08-09,588.035,zenodo
2018-08-10,613.758,zenodo
2018-08-11,569.544,zenodo
2018-08-12,549.311,zenodo
2018-08-13,624.657,zenodo
2018-08-14,607.359,zenodo
2018-08-15,595.17,zenodo
2018-08-16,609.761,zenodo
2018-08-17,621.665,zenodo
2018-08-18,551.622,zenodo
2018-08-19,551.827,zenodo
2018-08-20,642.703,zenodo
2018-08-21,589.985,zenodo
2018-08-22,597.5,zenodo
2018-08-23,648.27,zenodo
2018-08-24,695.568,zenodo
2018-08-25,666.489,zenodo
2018-08-26,755.004,zenodo
2018-08-27,738.375,zenodo
2018-08-28,723.493,zenodo
2018-08-29,750.151,zenodo
2018-08-30,763.809,zenodo
2018-08-31,713.811,zenodo
2018-09-01,594.933,zenodo
2018-09-02,569.138,zenodo
2018-09-03,687.312,zenodo
2018-09-04,727.567,zenodo
2018-09-05,735.174,zenodo
2018-09-06,775.901,zenodo
2018-09-07,822.23,zenodo
2018-09-08,781.22,zenodo
2018-09-09,691.895,zenodo
2018-09-10,780.787,zenodo
2018-09-11,776.651,zenodo
2018-09-12,800.99,zenodo
2018-09-13,861.228,zenodo
2018-09-14,830.771,zenodo
2018-09-15,751.304,zenodo
2018-09-16,719.902,zenodo
2018-09-17,719.398,zenodo
2018-09-18,689.12,zenodo
2018-09-19,745.922,zenodo
2018-09-20,858.882,zenodo
2018-09-21,957.927,zenodo
2018-09-22,1077.923,zenodo
2018-09-23,1104.557,zenodo
2018-09-24,1212.256,zenodo
2018-09-25,1190.115,zenodo
2018-09-26,973.617,zenodo
2018-09-27,862.213,zenodo
2018-09-28,974.863,zenodo
2018-09-29,1053.01,zenodo
2018-09-30,1181.864,zenodo
2018-10-01,1343.969,zenodo
2018-10-02,1119.39,zenodo
2018-10-03,1088.303,zenodo
2018-10-04,1029.48,zenodo
2018-10-05,1051.569,zenodo
2018-10-06,1289.327,zenodo
2018-10-07,1429.864,zenodo
2018-10-08,1295.368,zenodo
2018-10-09,1052.317,zenodo
2018-10-10,917.041,zenodo
2018-10-11,913.269,zenodo
2018-10-12,986.548,zenodo
2018-10-13,763.547,zenodo
2018-10-14,1045.699,zenodo
2018-10-15,1327.106,zenodo
2018-10-16,1133.001,zenodo
2018-10-17,1174.085,zenodo
2018-10-18,1328.347,zenodo
2018-10-19,1429.929,zenodo
2018-10-20,1230.275,zenodo
2018-10-21,1123.529,zenodo
2018-10-22,1453.772,zenodo
2018-10-23,1451.649,zenodo
2018-10-24,1332.707,zenodo
2018-10-25,1492.694,zenodo
2018-10-26,1648.705,zenodo
2018-10-27,2061.888,zenodo
2018-10-28,2004.493,zenodo
2018-10-29,2245.191,zenodo
2018-10-30,2258.23,zenodo
2018-10-31,2072.028,zenodo
2018-11-01,1952.507,zenodo
2018-11-02,2056.487,zenodo
2018-11-03,1729.233,zenodo
2018-11-04,1591.09,zenodo
2018-11-05,1642.766,zenodo
2018-11-06,1524.111,zenodo
2018-11-07,1568.312,zenodo
2018-11-08,1780.906,zenodo
2018-11-09,1774.613,zenodo
2018-11-10,1574.18,zenodo
2018-11-11,1641.502,zenodo
2018-11-12,1760.757,zenodo
2018-11-13,1733.025,zenodo
2018-11-14,1621.818,zenodo
2018-11-15,1610.423,zenodo
2018-11-16,1623.757,zenodo
2018-11-17,1679.744,zenodo
2018-11-18,1895.07,zenodo
2018-11-19,2195.132,zenodo
2018-11-20,2426.163,zenodo
2018-11-21,2525.605,zenodo
2018-11-22,2647.749,zenodo
2018-11-23,2338.176,zenodo
2018-11-24,2104.714,zenodo
2018-11-25,2170.912,zenodo
2018-11-26,2363.437,zenodo
2018-11-27,2398.99,zenodo
2018-11-28,1949.838,zenodo
2018-11-29,1877.827,zenodo
2018-11-30,2028.247,zenodo
2018-12-01,1886.453,zenodo
2018-12-02,1632.405,zenodo
2018-12-03,1951.344,zenodo
2018-12-04,2381.768,zenodo
2018-12-05,2142.607,zenodo
2018-12-06,1826.727,zenodo
2018-12-07,1944.129,zenodo
2018-12-08,1982.362,zenodo
2018-12-09,2020.82,zenodo
2018-12-10,2281.204,zenodo
2018-12-11,2265.858,zenodo
2018-12-12,2397.067,zenodo
2018-12-13,2675.63,zenodo
2018-12-14,2801.259,zenodo
2018-12-15,2755.099,zenodo
2018-12-16,2336.302,zenodo
2018-12-17,2333.426,zenodo
2018-12-18,2182.8,zenodo
2018-12-19,2197.294,zenodo
2018-12-20,2185.858,zenodo
2018-12-21,2006.119,zenodo
2018-12-22,1872.709,zenodo
2018-12-23,1920.789,zenodo
2018-12-24,2179.666,zenodo
2018-12-25,1984.334,zenodo
2018-12-26,1779.933,zenodo
2018-12-27,1986.134,zenodo
2018-12-28,1900.582,zenodo
2018-12-29,1749.635,zenodo
2018-12-30,1738.119,zenodo
2018-12-31,1816.31,zenodo
2019-01-01,1884.486,zenodo
2019-01-02,2500.714,zenodo
2019-01-03,2638.381,zenodo
2019-01-04,2691.087,zenodo
2019-01-05,2417.099,zenodo
2019-01-06,2128.46,zenodo
2019-01-07,2124.021,zenodo
2019-01-08,2301.784,zenodo
2019-01-09,2641.344,zenodo
2019-01-10,2613.863,zenodo
2019-01-11,2296.014,zenodo
2019-01-12,2022.787,zenodo
2019-01-13,1961.886,zenodo
2019-01-14,2273.903,zenodo
2019-01-15,2205.859,zenodo
2019-01-16,2282.171,zenodo
2019-01-17,2674.021,zenodo
2019-01-18,2814.837,zenodo
2019-01-19,2549.337,zenodo
2019-01-20,2518.788,zenodo
2019-01-21,2712.629,zenodo
2019-01-22,2770.361,zenodo
2019-01-23,2982.964,zenodo
2019-01-24,2856.732,zenodo
2019-01-25,2286.237,zenodo
2019-01-26,2089.469,zenodo
2019-01-27,2449.029,zenodo
2019-01-28,2770.447,zenodo
2019-01-29,2870.093,zenodo
2019-01-30,2926.75,zenodo
2019-01-31,3159.153,zenodo
2019-02-01,3115.057,zenodo
2019-02-02,2874.606,zenodo
2019-02-03,2776.869,zenodo
2019-02-04,2514.695,zenodo
2019-02-05,2552.302,zenodo
2019-02-06,2272.162,zenodo
2019-02-07,2367.376,zenodo
2019-02-08,2258.174,zenodo
2019-02-09,2204.813,zenodo
2019-02-10,2271.779,zenodo
2019-02-11,2411.925,zenodo
2019-02-12,2328.711,zenodo
2019-02-13,2108.859,zenodo
2019-02-14,2153.017,zenodo
2019-02-15,2001.23,zenodo
2019-02-16,1772.971,zenodo
2019-02-17,1737.259,zenodo
2019-02-18,2032.12,zenodo
2019-02-19,2067.815,zenodo
2019-02-20,1941.055,zenodo
2019-02-21,1700.236,zenodo
2019-02-22,1701.227,zenodo
2019-02-23,1561.56,zenodo
2019-02-24,1655.649,zenodo
2019-02-25,1759.737,zenodo
2019-02-26,1651.871,zenodo
2019-02-27,1651.004,zenodo
2019-02-28,1902.934,zenodo
2019-03-01,1866.935,zenodo
2019-03-02,1687.596,zenodo
2019-03-03,1884.102,zenodo
2019-03-04,2110.608,zenodo
2019-03-05,2083.55,zenodo
2019-03-06,1921.555,zenodo
2019-03-07,2143.155,zenodo
2019-03-08,2204.804,zenodo
2019-03-09,1962.11,zenodo
2019-03-10,2184.684,zenodo
2019-03-11,2228.513,zenodo
2019-03-12,2325.022,zenodo
2019-03-13,2216.048,zenodo
2019-03-14,1960.067,zenodo
2019-03-15,1830.661,zenodo
2019-03-16,1932.319,zenodo
2019-03-17,2008.087,zenodo
2019-03-18,2092.064,zenodo
2019-03-19,1815.882,zenodo
2019-03-20,1619.233,zenodo
2019-03-21,1556.447,zenodo
2019-03-22,1651.221,zenodo
2019-03-23,1616.176,zenodo
2019-03-24,1652.835,zenodo
2019-03-25,1703.086,zenodo
2019-03-26,1739.873,zenodo
2019-03-27,1714.947,zenodo
2019-03-28,1543.357,zenodo
2019-03-29,1422.015,zenodo
2019-03-30,1306.498,zenodo
2019-03-31,1528.526,zenodo
2019-04-01,1681.376,zenodo
2019-04-02,1927.511,zenodo
2019-04-03,2106.639,zenodo
2019-04-04,2182.963,zenodo
2019-04-05,1841.984,zenodo
2019-04-06,1673.665,zenodo
2019-04-07,1613.975,zenodo
2019-04-08,1599.059,zenodo
2019-04-09,1698.457,zenodo
2019-04-10,1766.686,zenodo
2019-04-11,1750.38,zenodo
2019-04-12,1862.195,zenodo
2019-04-13,1816.897,zenodo
2019-04-14,1952.433,zenodo
2019-04-15,1726.443,zenodo
2019-04-16,1593.385,zenodo
2019-04-17,1310.456,zenodo
2019-04-18,1127.939,zenodo
2019-04-19,908.441,zenodo
2019-04-20,759.119,zenodo
2019-04-21,704.77,zenodo
2019-04-22,722.287,zenodo
2019-04-23,809.588,zenodo
2019-04-24,1014.73,zenodo
2019-04-25,1155.243,zenodo
2019-04-26,1247.986,zenodo
2019-04-27,1504.156,zenodo
2019-04-28,1378.958,zenodo
2019-04-29,1257.969,zenodo
2019-04-30,1192.821,zenodo
2019-05-01,1138.639,zenodo
2019-05-02,1212.016,zenodo
2019-05-03,1436.219,zenodo
2019-05-04,1433.916,zenodo
2019-05-05,1442.893,zenodo
2019-05-06,1475.823,zenodo
2019-05-07,1380.461,zenodo
2019-05-08,1531.684,zenodo
2019-05-09,1577.046,zenodo
2019-05-10,1370.165,zenodo
2019-05-11,1170.982,zenodo
2019-05-12,1043.646,zenodo
2019-05-13,977.336,zenodo
2019-05-14,872.23,zenodo
2019-05-15,821.319,zenodo
2019-05-16,845.467,zenodo
2019-05-17,1005.925,zenodo
2019-05-18,955.48,zenodo
2019-05-19,897.882,zenodo
2019-05-20,880.016,zenodo
2019-05-21,864.389,zenodo
2019-05-22,838.99,zenodo
2019-05-23,784.072,zenodo
2019-05-24,750.372,zenodo
2019-05-25,676.961,zenodo
2019-05-26,683.364,zenodo
2019-05-27,834.921,zenodo
2019-05-28,897.023,zenodo
2019-05-29,998.95,zenodo
2019-05-30,799.821,zenodo
2019-05-31,740.366,zenodo
2019-06-01,627.585,zenodo
2019-06-02,631.93,zenodo
2019-06-03,736.517,zenodo
2019-06-04,862.434,zenodo
2019-06-05,872.088,zenodo
2019-06-06,801.686,zenodo
2019-06-07,894.911,zenodo
2019-06-08,921.98,zenodo
2019-06-09,810.257,zenodo
2019-06-10,1004.088,zenodo
2019-06-11,1190.631,zenodo
2019-06-12,1167.094,zenodo
2019-06-13,1146.758,zenodo
2019-06-14,948.931,zenodo
2019-06-15,813.932,zenodo
2019-06-16,786.941,zenodo
2019-06-17,784.981,zenodo
2019-06-18,779.31,zenodo
2019-06-19,786.165,zenodo
2019-06-20,769.352,zenodo
2019-06-21,729.864,zenodo
2019-06-22,602.551,zenodo
2019-06-23,627.914,zenodo
2019-06-24,715.882,zenodo
2019-06-25,716.306,zenodo
2019-06-26,747.928,zenodo
2019-06-27,680.273,zenodo
2019-06-28,604.556,zenodo
2019-06-29,545.919,zenodo
2019-06-30,528.969,zenodo
2019-07-01,618.002,zenodo
2019-07-02,651.957,zenodo
2019-07-03,639.36,zenodo
2019-07-04,611.922,zenodo
2019-07-05,575.16,zenodo
2019-07-06,526.291,zenodo
2019-07-07,548.57,zenodo
2019-07-08,625.806,zenodo
2019-07-09,631.795,zenodo
2019-07-10,607.142,zenodo
2019-07-11,595.14,zenodo
2019-07-12,569.163,zenodo
2019-07-13,535.566,zenodo
2019-07-14,536.778,zenodo
2019-07-15,596.381,zenodo
2019-07-16,589.617,zenodo
2019-07-17,568.976,zenodo
2019-07-18,584.766,zenodo
2019-07-19,602.51,zenodo
2019-07-20,523.814,zenodo
2019-07-21,529.417,zenodo
2019-07-22,569.229,zenodo
2019-07-23,522.615,zenodo
2019-07-24,530.94,zenodo
2019-07-25,521.76,zenodo
2019-07-26,500.694,zenodo
2019-07-27,482.904,zenodo
2019-07-28,522.008,zenodo
2019-07-29,549.676,zenodo
2019-07-30,548.504,zenodo
2019-07-31,561.874,zenodo
2019-08-01,567.493,zenodo
2019-08-02,552.06,zenodo
2019-08-03,486.785,zenodo
2019-08-04,483.826,zenodo
2019-08-05,546.573,zenodo
2019-08-06,557.582,zenodo
2019-08-07,572.804,zenodo
2019-08-08,587.881,zenodo
2019-08-09,542.491,zenodo
2019-08-10,528.003,zenodo
2019-08-11,566.314,zenodo
2019-08-12,676.189,zenodo
2019-08-13,674.938,zenodo
2019-08-14,697.923,zenodo
2019-08-15,640.171,zenodo
2019-08-16,692.542,zenodo
2019-08-17,582.799,zenodo
2019-08-18,590.086,zenodo
2019-08-19,648.931,zenodo
2019-08-20,674.871,zenodo
2019-08-21,645.399,zenodo
2019-08-22,623.191,zenodo
2019-08-23,579.678,zenodo
2019-08-24,487.632,zenodo
2019-08-25,467.148,zenodo
2019-08-26,494.024,zenodo
2019-08-27,559.848,zenodo
2019-08-28,578.183,zenodo
2019-08-29,596.278,zenodo
2019-08-30,602.179,zenodo
2019-08-31,566.393,zenodo
2019-09-01,621.956,zenodo
2019-09-02,706.027,zenodo
2019-09-03,689.335,zenodo
2019-09-04,727.41,zenodo
2019-09-05,775.008,zenodo
2019-09-06,776.457,zenodo
2019-09-07,738.3,zenodo
2019-09-08,767.581,zenodo
2019-09-09,881.592,zenodo
2019-09-10,815.673,zenodo
2019-09-11,755.06,zenodo
2019-09-12,741.692,zenodo
2019-09-13,733.432,zenodo
2019-09-14,682.139,zenodo
2019-09-15,690.062,zenodo
2019-09-16,788.082,zenodo
2019-09-17,812.91,zenodo
2019-09-18,869.256,zenodo
2019-09-19,789.01,zenodo
2019-09-20,717.798,zenodo
2019-09-21,628.777,zenodo
2019-09-22,677.3,zenodo
2019-09-23,733.874,zenodo
2019-09-24,771.279,zenodo
2019-09-25,762.909,zenodo
2019-09-26,748.961,zenodo
2019-09-27,858.965,zenodo
2019-09-28,830.623,zenodo
2019-09-29,874.168,zenodo
2019-09-30,996.947,zenodo
2019-10-01,1053.994,zenodo
2019-10-02,1259.017,zenodo
2019-10-03,1518.082,zenodo
2019-10-04,1251.392,zenodo
2019-10-05,1131.301,zenodo
2019-10-06,1085.495,zenodo
2019-10-07,1274.179,zenodo
2019-10-08,1182.227,zenodo
2019-10-09,1308.808,zenodo
2019-10-10,1316.08,zenodo
2019-10-11,1171.804,zenodo
2019-10-12,1173.793,zenodo
2019-10-13,1230.594,zenodo
2019-10-14,1424.986,zenodo
2019-10-15,1329.93,zenodo
2019-10-16,1310.002,zenodo
2019-10-17,1429.073,zenodo
2019-10-18,1397.047,zenodo
2019-10-19,1350.541,zenodo
2019-10-20,1496.725,zenodo
2019-10-21,1557.784,zenodo
2019-10-22,1566.143,zenodo
2019-10-23,1578.65,zenodo
2019-10-24,1480.174,zenodo
2019-10-25,1589.108,zenodo
2019-10-26,1588.075,zenodo
2019-10-27,1730.535,zenodo
2019-10-28,2020.337,zenodo
2019-10-29,1963.555,zenodo
2019-10-30,1929.092,zenodo
2019-10-31,1888.623,zenodo
2019-11-01,1573.163,zenodo
2019-11-02,1520.363,zenodo
2019-11-03,1592.258,zenodo
2019-11-04,1724.777,zenodo
2019-11-05,1800.943,zenodo
2019-11-06,2061.215,zenodo
2019-11-07,2018.387,zenodo
2019-11-08,2201.805,zenodo
2019-11-09,2259.239,zenodo
2019-11-10,2053.64,zenodo
2019-11-11,2208.443,zenodo
2019-11-12,2318.6,zenodo
2019-11-13,2315.605,zenodo
2019-11-14,2424.038,zenodo
2019-11-15,2307.731,zenodo
2019-11-16,2099.897,zenodo
2019-11-17,2092.423,zenodo
2019-11-18,2392.212,zenodo
2019-11-19,2634.918,zenodo
2019-11-20,2456.099,zenodo
2019-11-21,2500.372,zenodo
2019-11-22,2213.457,zenodo
2019-11-23,1926.155,zenodo
2019-11-24,1803.202,zenodo
2019-11-25,1860.734,zenodo
2019-11-26,1773.026,zenodo
2019-11-27,1855.412,zenodo
2019-11-28,2040.624,zenodo
2019-11-29,2416.308,zenodo
2019-11-30,2540.459,zenodo
2019-12-01,2545.392,zenodo
2019-12-02,2717.568,zenodo
2019-12-03,2451.924,zenodo
2019-12-04,2516.736,zenodo
2019-12-05,2436.41,zenodo
2019-12-06,1963.716,zenodo
2019-12-07,1882.666,zenodo
2019-12-08,2034.866,zenodo
2019-12-09,2374.345,zenodo
2019-12-10,2389.112,zenodo
2019-12-11,2476.83,zenodo
2019-12-12,2542.452,zenodo
2019-12-13,2377.578,zenodo
2019-12-14,2372.543,zenodo
2019-12-15,2339.198,zenodo
2019-12-16,2466.137,zenodo
2019-12-17,2534.656,zenodo
2019-12-18,2496.168,zenodo
2019-12-19,2022.785,zenodo
2019-12-20,2039.637,zenodo
2019-12-21,1998.212,zenodo
2019-12-22,1984.885,zenodo
2019-12-23,2088.598,zenodo
2019-12-24,1966.066,zenodo
2019-12-25,1961.989,zenodo
2019-12-26,2063.313,zenodo
2019-12-27,2017.031,zenodo
2019-12-28,1879.134,zenodo
2019-12-29,1917.482,zenodo
2019-12-30,2063.604,zenodo
2019-12-31,2147.422,zenodo
2020-01-01,2080.208,winter_review
2020-01-02,2080.208,winter_review
2020-01-03,2124.048,winter_review
2020-01-04,2132.816,winter_review
2020-01-05,2039.656,winter_review
2020-01-06,2216.112,winter_review
2020-01-07,2083.496,winter_review
2020-01-08,1970.608,winter_review
2020-01-09,2085.688,winter_review
2020-01-10,2301.6,winter_review
2020-01-11,2031.984,winter_review
2020-01-12,2002.392,winter_review
2020-01-13,2324.616,winter_review
2020-01-14,2236.936,winter_review
2020-01-15,2216.112,winter_review
2020-01-16,2236.936,winter_review
2020-01-17,2266.528,winter_review
2020-01-18,2428.736,winter_review
2020-01-19,2570.091,bruegel
2020-01-20,2660.23,bruegel
2020-01-21,2599.831,bruegel
2020-01-22,2380.26,bruegel
2020-01-23,2241.212,bruegel
2020-01-24,2234.74,bruegel
2020-01-25,2167.449,bruegel
2020-01-26,2136.885,bruegel
2020-01-27,2351.66,bruegel
2020-01-28,2571.286,bruegel
2020-01-29,2455.521,bruegel
2020-01-30,2144.64,bruegel
2020-01-31,1966.925,bruegel
2020-02-01,1895.918,bruegel
2020-02-02,1947.321,bruegel
2020-02-03,2198.784,bruegel
2020-02-04,2423.006,bruegel
2020-02-05,2378.725,bruegel
2020-02-06,2436.553,bruegel
2020-02-07,2369.598,bruegel
2020-02-08,2047.881,bruegel
2020-02-09,2115.383,bruegel
2020-02-10,2542.571,bruegel
2020-02-11,2730.425,bruegel
2020-02-12,2572.689,bruegel
2020-02-13,2428.006,bruegel
2020-02-14,2308.743,bruegel
2020-02-15,1985.216,bruegel
2020-02-16,2109.848,bruegel
2020-02-17,2361.816,bruegel
2020-02-18,2431.333,bruegel
2020-02-19,2455.155,bruegel
2020-02-20,2385.195,bruegel
2020-02-21,2364.85,bruegel
2020-02-22,2079.232,bruegel
2020-02-23,2046.032,bruegel
2020-02-24,2308.018,bruegel
2020-02-25,2435.338,bruegel
2020-02-26,2535.955,bruegel
2020-02-27,2542.9,bruegel
2020-02-28,2535.421,bruegel
2020-02-29,2198.228,bruegel
2020-03-01,2258.033,bruegel
2020-03-02,2371.13,bruegel
2020-03-03,2449.546,bruegel
2020-03-04,2476.673,bruegel
2020-03-05,2526.046,bruegel
2020-03-06,2325.113,bruegel
2020-03-07,2066.022,bruegel
2020-03-08,1904.521,bruegel
2020-03-09,2209.399,bruegel
2020-03-10,1923.598,bruegel
2020-03-11,1940.35,bruegel
2020-03-12,2245.133,bruegel
2020-03-13,2133.059,bruegel
2020-03-14,1886.431,bruegel
2020-03-15,1939.66,bruegel
2020-03-16,1963.518,bruegel
2020-03-17,1866.134,bruegel
2020-03-18,1941.946,bruegel
2020-03-19,2122.993,bruegel
2020-03-20,2112.898,bruegel
2020-03-21,2034.026,bruegel
2020-03-22,1922.539,bruegel
2020-03-23,1966.614,bruegel
2020-03-24,1702.518,bruegel
2020-03-25,1596.421,bruegel
2020-03-26,1682.05,bruegel
2020-03-27,1737.837,bruegel
2020-03-28,1862.594,bruegel
2020-03-29,2111.49,bruegel
2020-03-30,2101.932,bruegel
2020-03-31,1935.651,bruegel
2020-04-01,1973.459,bruegel
2020-04-02,1722.507,bruegel
2020-04-03,1644.971,bruegel
2020-04-04,1424.826,bruegel
2020-04-05,1131.976,bruegel
2020-04-06,1139.826,bruegel
2020-04-07,1157.592,bruegel
2020-04-08,990.947,bruegel
2020-04-09,968.156,bruegel
2020-04-10,847.32,bruegel
2020-04-11,734.797,bruegel
2020-04-12,844.521,bruegel
2020-04-13,1254.459,bruegel
2020-04-14,1331.456,bruegel
2020-04-15,1147.78,bruegel
2020-04-16,1041.255,bruegel
2020-04-17,1199.2,bruegel
2020-04-18,1395.557,bruegel
2020-04-19,1093.868,bruegel
2020-04-20,1105.31,bruegel
2020-04-21,1040.102,bruegel
2020-04-22,978.983,bruegel
2020-04-23,915.523,bruegel
2020-04-24,837.485,bruegel
2020-04-25,892.313,bruegel
2020-04-26,867.677,bruegel
2020-04-27,959.434,bruegel
2020-04-28,1399.305,bruegel
2020-04-29,1366.89,bruegel
2020-04-30,1369.166,bruegel
2020-05-01,1247.533,bruegel
2020-05-02,1039.141,bruegel
2020-05-03,1103.845,bruegel
2020-05-04,1035.747,bruegel
2020-05-05,1119.386,bruegel
2020-05-06,998.075,bruegel
2020-05-07,831.466,bruegel
2020-05-08,677.822,bruegel
2020-05-09,642.824,bruegel
2020-05-10,968.136,bruegel
2020-05-11,1344.448,bruegel
2020-05-12,1296.336,bruegel
2020-05-13,1297.515,bruegel
2020-05-14,1198.339,bruegel
2020-05-15,1053.43,bruegel
2020-05-16,943.613,bruegel
2020-05-17,881.789,bruegel
2020-05-18,831.947,bruegel
2020-05-19,741.161,bruegel
2020-05-20,625.501,bruegel
2020-05-21,614.954,bruegel
2020-05-22,662.274,bruegel
2020-05-23,739.14,bruegel
2020-05-24,723.425,bruegel
2020-05-25,649.172,bruegel
2020-05-26,627.497,bruegel
2020-05-27,668.559,bruegel
2020-05-28,641.188,bruegel
2020-05-29,582.611,bruegel
2020-05-30,547.863,bruegel
2020-05-31,550.214,bruegel
2020-06-01,598.661,bruegel
2020-06-02,595.613,bruegel
2020-06-03,678.867,bruegel
2020-06-04,851.722,bruegel
2020-06-05,862.506,bruegel
2020-06-06,934.597,bruegel
2020-06-07,871.918,bruegel
2020-06-08,926.526,bruegel
2020-06-09,854.148,bruegel
2020-06-10,936.748,bruegel
2020-06-11,955.965,bruegel
2020-06-12,858.36,bruegel
2020-06-13,668.291,bruegel
2020-06-14,639.262,bruegel
2020-06-15,639.532,bruegel
2020-06-16,647.399,bruegel
2020-06-17,663.994,bruegel
2020-06-18,767.971,bruegel
2020-06-19,719.267,bruegel
2020-06-20,607.797,bruegel
2020-06-21,579.238,bruegel
2020-06-22,632.751,bruegel
2020-06-23,614.904,bruegel
2020-06-24,565.402,bruegel
2020-06-25,538.869,bruegel
2020-06-26,556.186,bruegel
2020-06-27,528.685,bruegel
2020-06-28,590.883,bruegel
2020-06-29,749.418,bruegel
2020-06-30,731.065,bruegel
2020-07-01,694.99,bruegel
2020-07-02,717.749,bruegel
2020-07-03,725.065,bruegel
2020-07-04,654.78,bruegel
2020-07-05,623.105,bruegel
2020-07-06,719.631,bruegel
2020-07-07,756.397,bruegel
2020-07-08,788.699,bruegel
2020-07-09,801.961,bruegel
2020-07-10,724.189,bruegel
2020-07-11,645.094,bruegel
2020-07-12,581.458,bruegel
2020-07-13,637.67,bruegel
2020-07-14,692.009,bruegel
2020-07-15,746.736,bruegel
2020-07-16,703.549,bruegel
2020-07-17,612.786,bruegel
2020-07-18,563.667,bruegel
2020-07-19,583.402,bruegel
2020-07-20,663.855,bruegel
2020-07-21,659.514,bruegel
2020-07-22,634.535,bruegel
2020-07-23,635.454,bruegel
2020-07-24,612.948,bruegel
2020-07-25,572.755,bruegel
2020-07-26,564.249,bruegel
2020-07-27,636.208,bruegel
2020-07-28,676.601,bruegel
2020-07-29,673.193,bruegel
2020-07-30,630.205,bruegel
2020-07-31,531.079,bruegel
2020-08-01,511.548,bruegel
2020-08-02,522.22,bruegel
2020-08-03,609.385,bruegel
2020-08-04,664.646,bruegel
2020-08-05,604.345,bruegel
2020-08-06,574.021,bruegel
2020-08-07,534.882,bruegel
2020-08-08,475.33,bruegel
2020-08-09,497.412,bruegel
2020-08-10,545.114,bruegel
2020-08-11,563.285,bruegel
2020-08-12,512.351,bruegel
2020-08-13,546.0,bruegel
2020-08-14,566.751,bruegel
2020-08-15,543.307,bruegel
2020-08-16,557.729,bruegel
2020-08-17,611.439,bruegel
2020-08-18,585.358,bruegel
2020-08-19,611.266,bruegel
2020-08-20,584.488,bruegel
2020-08-21,593.039,bruegel
2020-08-22,561.463,bruegel
2020-08-23,587.171,bruegel
2020-08-24,632.648,bruegel
2020-08-25,682.982,bruegel
2020-08-26,701.471,bruegel
2020-08-27,767.071,bruegel
2020-08-28,791.746,bruegel
2020-08-29,857.451,bruegel
2020-08-30,801.493,bruegel
2020-08-31,795.245,bruegel
2020-09-01,793.953,bruegel
2020-09-02,814.88,bruegel
2020-09-03,714.371,bruegel
2020-09-04,757.747,bruegel
2020-09-05,746.316,bruegel
2020-09-06,722.83,bruegel
2020-09-07,802.942,bruegel
2020-09-08,683.177,bruegel
2020-09-09,689.342,bruegel
2020-09-10,826.643,bruegel
2020-09-11,801.492,bruegel
2020-09-12,685.378,bruegel
2020-09-13,617.755,bruegel
2020-09-14,644.035,bruegel
2020-09-15,649.74,bruegel
2020-09-16,664.174,bruegel
2020-09-17,690.631,bruegel
2020-09-18,707.662,bruegel
2020-09-19,657.948,bruegel
2020-09-20,672.012,bruegel
2020-09-21,708.445,bruegel
2020-09-22,718.718,bruegel
2020-09-23,843.555,bruegel
2020-09-24,1089.523,bruegel
2020-09-25,1257.966,bruegel
2020-09-26,1297.246,bruegel
2020-09-27,1209.649,bruegel
2020-09-28,1230.617,bruegel
2020-09-29,1038.168,bruegel
2020-09-30,1202.698,bruegel
2020-10-01,1155.289,bruegel
2020-10-02,1337.094,bruegel
2020-10-03,1209.364,bruegel
2020-10-04,1271.485,bruegel
2020-10-05,1258.739,bruegel
2020-10-06,1249.276,bruegel
2020-10-07,1275.004,bruegel
2020-10-08,1252.366,bruegel
2020-10-09,1481.086,bruegel
2020-10-10,1519.115,bruegel
2020-10-11,1371.199,bruegel
2020-10-12,1607.183,bruegel
2020-10-13,1640.404,bruegel
2020-10-14,1543.153,bruegel
2020-10-15,1631.019,bruegel
2020-10-16,1640.0,bruegel
2020-10-17,1494.69,bruegel
2020-10-18,1514.579,bruegel
2020-10-19,1492.942,bruegel
2020-10-20,1270.442,bruegel
2020-10-21,1215.131,bruegel
2020-10-22,1337.675,bruegel
2020-10-23,1467.364,bruegel
2020-10-24,1526.122,bruegel
2020-10-25,1513.074,bruegel
2020-10-26,1696.824,bruegel
2020-10-27,1749.751,bruegel
2020-10-28,1831.788,bruegel
2020-10-29,1733.005,bruegel
2020-10-30,1361.52,bruegel
2020-10-31,1349.7,bruegel
2020-11-01,1373.175,bruegel
2020-11-02,1484.218,bruegel
2020-11-03,1935.858,bruegel
2020-11-04,2033.289,bruegel
2020-11-05,2005.509,bruegel
2020-11-06,1925.592,bruegel
2020-11-07,1721.803,bruegel
2020-11-08,1544.786,bruegel
2020-11-09,1482.163,bruegel
2020-11-10,1435.916,bruegel
2020-11-11,1597.145,bruegel
2020-11-12,1598.266,bruegel
2020-11-13,1624.225,bruegel
2020-11-14,1524.49,bruegel
2020-11-15,1569.084,bruegel
2020-11-16,1805.382,bruegel
2020-11-17,1525.486,bruegel
2020-11-18,1627.259,bruegel
2020-11-19,2061.972,bruegel
2020-11-20,2128.078,bruegel
2020-11-21,1691.363,bruegel
2020-11-22,1805.811,bruegel
2020-11-23,2107.449,bruegel
2020-11-24,1814.719,bruegel
2020-11-25,1925.944,bruegel
2020-11-26,2229.585,bruegel
2020-11-27,2337.712,bruegel
2020-11-28,2051.796,bruegel
2020-11-29,1931.332,bruegel
2020-11-30,2138.489,bruegel
2020-12-01,2317.9,bruegel
2020-12-02,2349.904,bruegel
2020-12-03,2452.759,bruegel
2020-12-04,2559.404,bruegel
2020-12-05,2356.578,bruegel
2020-12-06,2456.156,bruegel
2020-12-07,2739.01,bruegel
2020-12-08,2645.878,bruegel
2020-12-09,2500.857,bruegel
2020-12-10,2389.146,bruegel
2020-12-11,2096.947,bruegel
2020-12-12,2031.697,bruegel
2020-12-13,2140.029,bruegel
2020-12-14,2015.296,bruegel
2020-12-15,2085.361,bruegel
2020-12-16,2142.775,bruegel
2020-12-17,2074.404,bruegel
2020-12-18,1837.706,bruegel
2020-12-19,1772.22,bruegel
2020-12-20,2021.105,bruegel
2020-12-21,2006.19,bruegel
2020-12-22,1996.849,bruegel
2020-12-23,2054.143,bruegel
2020-12-24,2465.888,bruegel
2020-12-25,2479.287,bruegel
2020-12-26,2163.427,bruegel
2020-12-27,2169.02,bruegel
2020-12-28,2618.577,bruegel
2020-12-29,2669.595,bruegel
2020-12-30,2754.612,bruegel
2020-12-31,2882.822,bruegel
2021-01-01,2665.258,bruegel
2021-01-02,2668.675,bruegel
2021-01-03,2643.744,bruegel
2021-01-04,2886.543,bruegel
2021-01-05,2902.667,bruegel
2021-01-06,2942.736,bruegel
2021-01-07,3106.728,bruegel
2021-01-08,3104.531,bruegel
2021-01-09,2884.665,bruegel
2021-01-10,2764.168,bruegel
2021-01-11,2565.265,bruegel
2021-01-12,2529.519,bruegel
2021-01-13,2644.459,bruegel
2021-01-14,2675.434,bruegel
2021-01-15,2920.78,bruegel
2021-01-16,2523.867,bruegel
2021-01-17,2402.798,bruegel
2021-01-18,2551.064,bruegel
2021-01-19,2200.873,bruegel
2021-01-20,2233.502,bruegel
2021-01-21,2549.533,bruegel
2021-01-22,2618.851,bruegel
2021-01-23,2726.828,bruegel
2021-01-24,2910.636,bruegel
2021-01-25,2983.009,bruegel
2021-01-26,2917.64,bruegel
2021-01-27,2373.965,bruegel
2021-01-28,2164.091,bruegel
2021-01-29,2134.309,bruegel
2021-01-30,2502.931,bruegel
2021-01-31,2708.538,bruegel
2021-02-01,2784.985,bruegel
2021-02-02,2458.118,bruegel
2021-02-03,2328.27,bruegel
2021-02-04,2407.069,bruegel
2021-02-05,2242.081,bruegel
2021-02-06,2364.852,bruegel
2021-02-07,2884.893,bruegel
2021-02-08,3294.747,bruegel
2021-02-09,3282.87,bruegel
2021-02-10,3285.094,bruegel
2021-02-11,3341.227,bruegel
2021-02-12,3360.062,bruegel
2021-02-13,3311.509,bruegel
2021-02-14,2967.761,bruegel
2021-02-15,2332.482,bruegel
2021-02-16,2131.801,bruegel
2021-02-17,2110.797,bruegel
2021-02-18,2169.99,bruegel
2021-02-19,2226.01,bruegel
2021-02-20,1744.387,bruegel
2021-02-21,1678.723,bruegel
2021-02-22,1895.931,bruegel
2021-02-23,1916.054,bruegel
2021-02-24,1678.076,bruegel
2021-02-25,1842.962,bruegel
2021-02-26,2005.455,bruegel
2021-02-27,1887.973,bruegel
2021-02-28,1997.448,bruegel
2021-03-01,2289.967,bruegel
2021-03-02,2412.428,bruegel
2021-03-03,2514.274,bruegel
2021-03-04,2519.609,bruegel
2021-03-05,2554.409,bruegel
2021-03-06,2405.89,bruegel
2021-03-07,2330.129,bruegel
2021-03-08,2350.32,bruegel
2021-03-09,2125.683,bruegel
2021-03-10,2280.108,bruegel
2021-03-11,2141.411,bruegel
2021-03-12,2216.591,bruegel
2021-03-13,2160.237,bruegel
2021-03-14,2112.566,bruegel
2021-03-15,1974.218,bruegel
2021-03-16,1825.767,bruegel
2021-03-17,2028.088,bruegel
2021-03-18,2004.925,bruegel
2021-03-19,1915.146,bruegel
2021-03-20,1814.89,bruegel
2021-03-21,1753.173,bruegel
2021-03-22,1843.274,bruegel
2021-03-23,1882.503,bruegel
2021-03-24,1784.667,bruegel
2021-03-25,1734.441,bruegel
2021-03-26,1880.306,bruegel
2021-03-27,1835.038,bruegel
2021-03-28,1688.505,bruegel
2021-03-29,1394.352,bruegel
2021-03-30,1183.936,bruegel
2021-03-31,1149.372,bruegel
2021-04-01,1569.934,bruegel
2021-04-02,1729.968,bruegel
2021-04-03,1719.653,bruegel
2021-04-04,1550.257,bruegel
2021-04-05,1944.057,bruegel
2021-04-06,2330.571,bruegel
2021-04-07,2424.493,bruegel
2021-04-08,2005.994,bruegel
2021-04-09,1893.772,bruegel
2021-04-10,2010.63,bruegel
2021-04-11,2040.028,bruegel
2021-04-12,2166.264,bruegel
2021-04-13,1988.691,bruegel
2021-04-14,1842.191,bruegel
2021-04-15,1871.348,bruegel
2021-04-16,1788.561,bruegel
2021-04-17,1516.769,bruegel
2021-04-18,1446.981,bruegel
2021-04-19,1385.922,bruegel
2021-04-20,1313.649,bruegel
2021-04-21,1446.918,bruegel
2021-04-22,1473.726,bruegel
2021-04-23,1294.061,bruegel
2021-04-24,1189.303,bruegel
2021-04-25,1313.917,bruegel
2021-04-26,1491.131,bruegel
2021-04-27,1539.211,bruegel
2021-04-28,1723.409,bruegel
2021-04-29,1771.203,bruegel
2021-04-30,1723.135,bruegel
2021-05-01,1575.838,bruegel
2021-05-02,1509.826,bruegel
2021-05-03,1786.537,bruegel
2021-05-04,1808.643,bruegel
2021-05-05,1781.123,bruegel
2021-05-06,1783.549,bruegel
2021-05-07,1552.095,bruegel
2021-05-08,1540.274,bruegel
2021-05-09,1090.682,bruegel
2021-05-10,1162.939,bruegel
2021-05-11,1219.808,bruegel
2021-05-12,1201.471,bruegel
2021-05-13,1318.136,bruegel
2021-05-14,1384.203,bruegel
2021-05-15,1261.103,bruegel
2021-05-16,1169.708,bruegel
2021-05-17,1265.171,bruegel
2021-05-18,1186.757,bruegel
2021-05-19,1126.843,bruegel
2021-05-20,1453.159,bruegel
2021-05-21,1504.387,bruegel
2021-05-22,1350.627,bruegel
2021-05-23,1425.282,bruegel
2021-05-24,1400.631,bruegel
2021-05-25,1456.663,bruegel
2021-05-26,1304.543,bruegel
2021-05-27,1016.408,bruegel
2021-05-28,927.357,bruegel
2021-05-29,758.293,bruegel
2021-05-30,747.908,bruegel
2021-05-31,715.463,bruegel
2021-06-01,670.954,bruegel
2021-06-02,660.348,bruegel
2021-06-03,666.672,bruegel
2021-06-04,686.48,bruegel
2021-06-05,609.265,bruegel
2021-06-06,617.676,bruegel
2021-06-07,638.961,bruegel
2021-06-08,645.328,bruegel
2021-06-09,623.452,bruegel
2021-06-10,612.926,bruegel
2021-06-11,619.331,bruegel
2021-06-12,589.991,bruegel
2021-06-13,549.378,bruegel
2021-06-14,629.241,bruegel
2021-06-15,632.569,bruegel
2021-06-16,611.151,bruegel
2021-06-17,641.184,bruegel
2021-06-18,670.441,bruegel
2021-06-19,655.362,bruegel
2021-06-20,708.11,bruegel
2021-06-21,845.678,bruegel
2021-06-22,796.062,bruegel
2021-06-23,746.55,bruegel
2021-06-24,680.647,bruegel
2021-06-25,736.089,bruegel
2021-06-26,659.734,bruegel
2021-06-27,630.783,bruegel
2021-06-28,766.151,bruegel
2021-06-29,699.1,bruegel
2021-06-30,714.695,bruegel
2021-07-01,651.018,bruegel
2021-07-02,608.568,bruegel
2021-07-03,563.806,bruegel
2021-07-04,574.27,bruegel
2021-07-05,634.594,bruegel
2021-07-06,696.01,bruegel
2021-07-07,672.626,bruegel
2021-07-08,667.826,bruegel
2021-07-09,614.486,bruegel
2021-07-10,582.592,bruegel
2021-07-11,589.402,bruegel
2021-07-12,631.001,bruegel
2021-07-13,613.485,bruegel
2021-07-14,589.797,bruegel
2021-07-15,596.256,bruegel
2021-07-16,592.781,bruegel
2021-07-17,483.954,bruegel
2021-07-18,486.237,bruegel
2021-07-19,544.221,bruegel
2021-07-20,553.349,bruegel
2021-07-21,555.393,bruegel
2021-07-22,541.456,bruegel
2021-07-23,528.563,bruegel
2021-07-24,484.046,bruegel
2021-07-25,519.039,bruegel
2021-07-26,536.847,bruegel
2021-07-27,559.004,bruegel
2021-07-28,577.295,bruegel
2021-07-29,592.842,bruegel
2021-07-30,621.933,bruegel
2021-07-31,575.487,bruegel
2021-08-01,572.668,bruegel
2021-08-02,617.522,bruegel
2021-08-03,591.244,bruegel
2021-08-04,567.4,bruegel
2021-08-05,576.396,bruegel
2021-08-06,582.747,bruegel
2021-08-07,580.74,bruegel
2021-08-08,591.718,bruegel
2021-08-09,642.406,bruegel
2021-08-10,625.071,bruegel
2021-08-11,623.772,bruegel
2021-08-12,608.611,bruegel
2021-08-13,587.79,bruegel
2021-08-14,545.278,bruegel
2021-08-15,560.902,bruegel
2021-08-16,656.102,bruegel
2021-08-17,680.588,bruegel
2021-08-18,666.334,bruegel
2021-08-19,674.702,bruegel
2021-08-20,627.477,bruegel
2021-08-21,578.422,bruegel
2021-08-22,575.172,bruegel
2021-08-23,627.44,bruegel
2021-08-24,627.974,bruegel
2021-08-25,630.465,bruegel
2021-08-26,633.007,bruegel
2021-08-27,654.528,bruegel
2021-08-28,576.749,bruegel
2021-08-29,611.268,bruegel
2021-08-30,702.471,bruegel
2021-08-31,771.715,bruegel
2021-09-01,791.01,bruegel
2021-09-02,775.401,bruegel
2021-09-03,737.489,bruegel
2021-09-04,649.565,bruegel
2021-09-05,589.396,bruegel
2021-09-06,609.368,bruegel
2021-09-07,587.048,bruegel
2021-09-08,597.635,bruegel
2021-09-09,632.979,bruegel
2021-09-10,601.318,bruegel
2021-09-11,537.435,bruegel
2021-09-12,605.451,bruegel
2021-09-13,692.433,bruegel
2021-09-14,767.529,bruegel
2021-09-15,700.755,bruegel
2021-09-16,655.533,bruegel
2021-09-17,633.973,bruegel
2021-09-18,579.88,bruegel
2021-09-19,608.115,bruegel
2021-09-20,705.578,bruegel
2021-09-21,711.7,bruegel
2021-09-22,707.658,bruegel
2021-09-23,729.124,bruegel
2021-09-24,662.707,bruegel
2021-09-25,611.862,bruegel
2021-09-26,580.476,bruegel
2021-09-27,734.973,portal
2021-09-28,943.7,portal
2021-09-29,1030.742,portal
2021-09-30,1154.573,portal
2021-10-01,977.372,portal
2021-10-02,1194.223,portal
2021-10-03,1090.634,portal
2021-10-04,1158.609,portal
2021-10-05,1250.221,portal
2021-10-06,1187.833,portal
2021-10-07,979.381,portal
2021-10-08,880.543,portal
2021-10-09,859.503,portal
2021-10-10,944.808,portal
2021-10-11,1162.662,portal
2021-10-12,1221.428,portal
2021-10-13,1178.036,portal
2021-10-14,1125.403,portal
2021-10-15,1207.451,portal
2021-10-16,1200.987,portal
2021-10-17,1083.661,portal
2021-10-18,1145.711,portal
2021-10-19,930.14,portal
2021-10-20,1082.948,portal
2021-10-21,1485.028,portal
2021-10-22,1566.56,portal
2021-10-23,1334.786,portal
2021-10-24,1238.218,portal
2021-10-25,1279.804,portal
2021-10-26,1274.366,portal
2021-10-27,1113.323,portal
2021-10-28,1150.876,portal
2021-10-29,1225.828,portal
2021-10-30,1325.342,portal
2021-10-31,1445.452,portal
2021-11-01,1693.331,portal
2021-11-02,1837.751,portal
2021-11-03,1987.596,portal
2021-11-04,2040.63,portal
2021-11-05,1992.132,portal
2021-11-06,1573.977,portal
2021-11-07,1637.642,portal
2021-11-08,1793.922,portal
2021-11-09,1443.22,portal
2021-11-10,1535.333,portal
2021-11-11,1502.12,portal
2021-11-12,1509.268,portal
2021-11-13,1441.265,portal
2021-11-14,1493.713,portal
2021-11-15,1693.088,portal
2021-11-16,1708.972,portal
2021-11-17,1749.209,portal
2021-11-18,1656.409,portal
2021-11-19,1505.351,portal
2021-11-20,1542.103,portal
2021-11-21,1938.724,portal
2021-11-22,2255.997,portal
2021-11-23,2250.122,portal
2021-11-24,2216.908,portal
2021-11-25,2341.357,portal
2021-11-26,2403.182,portal
2021-11-27,2625.447,portal
2021-11-28,2720.179,portal
2021-11-29,2846.012,portal
2021-11-30,2121.914,portal
2021-12-01,2277.7,portal
2021-12-02,2693.643,portal
2021-12-03,2393.666,portal
2021-12-04,2236.056,portal
2021-12-05,2366.312,portal
2021-12-06,2610.413,portal
2021-12-07,2641.999,portal
2021-12-08,2546.335,portal
2021-12-09,2422.898,portal
2021-12-10,2466.071,portal
2021-12-11,2237.079,portal
2021-12-12,1721.093,portal
2021-12-13,1944.817,portal
2021-12-14,1882.09,portal
2021-12-15,1817.263,portal
2021-12-16,1928.751,portal
2021-12-17,2100.083,portal
2021-12-18,2070.544,portal
2021-12-19,2254.029,portal
2021-12-20,2371.875,portal
2021-12-21,2535.99,portal
2021-12-22,2664.94,portal
2021-12-23,2170.778,portal
2021-12-24,1939.173,portal
2021-12-25,1966.268,portal
2021-12-26,1985.345,portal
2021-12-27,1885.893,portal
2021-12-28,1824.742,portal
2021-12-29,1747.324,portal
2021-12-30,1465.178,portal
2021-12-31,1359.4,portal
2022-01-01,1298.335,portal
2022-01-02,1574.263,portal
2022-01-03,1881.202,portal
2022-01-04,2444.341,portal
2022-01-05,2683.213,portal
2022-01-06,2806.649,portal
2022-01-07,2697.839,portal
2022-01-08,2333.548,portal
2022-01-09,2337.657,portal
2022-01-10,2371.826,portal
2022-01-11,2179.7,portal
2022-01-12,2414.526,portal
2022-01-13,2467.834,portal
2022-01-14,2545.558,portal
2022-01-15,2489.546,portal
2022-01-16,2263.752,portal
2022-01-17,2490.464,portal
2022-01-18,2635.021,portal
2022-01-19,2400.588,portal
2022-01-20,2705.816,portal
2022-01-21,2703.258,portal
2022-01-22,2332.602,portal
2022-01-23,2313.773,portal
2022-01-24,2620.316,portal
2022-01-25,2727.748,portal
2022-01-26,2396.762,portal
2022-01-27,2210.892,portal
2022-01-28,2263.307,portal
2022-01-29,1893.609,portal
2022-01-30,2166.069,portal
2022-01-31,2354.588,portal
2022-02-01,1988.881,portal
2022-02-02,1905.097,portal
2022-02-03,1945.887,portal
2022-02-04,2214.938,portal
2022-02-05,2192.128,portal
2022-02-06,2138.445,portal
2022-02-07,2278.393,portal
2022-02-08,1922.31,portal
2022-02-09,1966.065,portal
2022-02-10,2263.049,portal
2022-02-11,2357.51,portal
2022-02-12,2181.885,portal
2022-02-13,2036.011,portal
2022-02-14,2174.596,portal
2022-02-15,2210.848,portal
2022-02-16,1902.68,portal
2022-02-17,2072.809,portal
2022-02-18,2295.882,portal
2022-02-19,2350.806,portal
2022-02-20,2114.538,portal
2022-02-21,2294.474,portal
2022-02-22,2045.387,portal
2022-02-23,2126.53,portal
2022-02-24,2317.464,portal
2022-02-25,2165.051,portal
2022-02-26,1997.286,portal
2022-02-27,1954.593,portal
2022-02-28,2089.363,portal
2022-03-01,2118.183,portal
2022-03-02,2198.214,portal
2022-03-03,2033.224,portal
2022-03-04,2047.357,portal
2022-03-05,2076.945,portal
2022-03-06,2120.327,portal
2022-03-07,2300.476,portal
2022-03-08,2161.522,portal
2022-03-09,1850.686,portal
2022-03-10,1648.801,portal
2022-03-11,1691.091,portal
2022-03-12,1563.416,portal
2022-03-13,1658.095,portal
2022-03-14,1710.281,portal
2022-03-15,1669.552,portal
2022-03-16,1840.138,portal
2022-03-17,1773.306,portal
2022-03-18,1513.23,portal
2022-03-19,1428.993,portal
2022-03-20,1618.973,portal
2022-03-21,1721.214,portal
2022-03-22,1349.205,portal
2022-03-23,1261.887,portal
2022-03-24,1267.326,portal
2022-03-25,1208.247,portal
2022-03-26,1056.125,portal
2022-03-27,1227.359,portal
2022-03-28,1299.671,portal
2022-03-29,1528.724,portal
2022-03-30,1859.144,portal
2022-03-31,2186.188,portal
2022-04-01,2106.803,portal
2022-04-02,1869.266,portal
2022-04-03,1821.282,portal
2022-04-04,1713.314,portal
2022-04-05,1488.414,portal
2022-04-06,1538.839,portal
2022-04-07,1741.403,portal
2022-04-08,1740.699,portal
2022-04-09,1618.023,portal
2022-04-10,1496.495,portal
2022-04-11,1397.726,portal
2022-04-12,1314.042,portal
2022-04-13,1168.653,portal
2022-04-14,1066.391,portal
2022-04-15,901.583,portal
2022-04-16,810.62,portal
2022-04-17,813.672,portal
2022-04-18,942.587,portal
2022-04-19,1076.607,portal
2022-04-20,1022.063,portal
2022-04-21,1006.153,portal
2022-04-22,1036.201,portal
2022-04-23,993.72,portal
2022-04-24,984.208,portal
2022-04-25,1225.799,portal
2022-04-26,1199.962,portal
2022-04-27,1360.582,portal
2022-04-28,1387.311,portal
2022-04-29,1229.615,portal
2022-04-30,1005.713,portal
2022-05-01,1020.143,portal
2022-05-02,1056.53,portal
2022-05-03,1106.064,portal
2022-05-04,1039.59,portal
2022-05-05,919.229,portal
2022-05-06,864.307,portal
2022-05-07,802.718,portal
2022-05-08,788.942,portal
2022-05-09,784.931,portal
2022-05-10,783.464,portal
2022-05-11,885.924,portal
2022-05-12,899.006,portal
2022-05-13,846.166,portal
2022-05-14,689.867,portal
2022-05-15,700.544,portal
2022-05-16,785.449,portal
2022-05-17,683.976,portal
2022-05-18,684.132,portal
2022-05-19,685.992,portal
2022-05-20,706.137,portal
2022-05-21,673.394,portal
2022-05-22,629.534,portal
2022-05-23,741.248,portal
2022-05-24,759.126,portal
2022-05-25,797.967,portal
2022-05-26,769.158,portal
2022-05-27,753.714,portal
2022-05-28,709.469,portal
2022-05-29,784.667,portal
2022-05-30,933.746,portal
2022-05-31,888.865,portal
2022-06-01,790.875,portal
2022-06-02,678.239,portal
2022-06-03,615.325,portal
2022-06-04,646.557,portal
2022-06-05,817.457,portal
2022-06-06,781.82,portal
2022-06-07,699.105,portal
2022-06-08,684.327,portal
2022-06-09,660.751,portal
2022-06-10,604.669,portal
2022-06-11,575.901,portal
2022-06-12,596.077,portal
2022-06-13,677.978,portal
2022-06-14,652.052,portal
2022-06-15,595.937,portal
2022-06-16,550.387,portal
2022-06-17,519.827,portal
2022-06-18,545.589,portal
2022-06-19,589.503,portal
2022-06-20,604.292,portal
2022-06-21,602.273,portal
2022-06-22,568.297,portal
2022-06-23,570.366,portal
2022-06-24,577.089,portal
2022-06-25,510.691,portal
2022-06-26,535.072,portal
2022-06-27,622.722,portal
2022-06-28,629.243,portal
2022-06-29,676.447,portal
2022-06-30,705.013,portal
2022-07-01,651.023,portal
2022-07-02,556.846,portal
2022-07-03,561.766,portal
2022-07-04,599.559,portal
2022-07-05,658.985,portal
2022-07-06,616.863,portal
2022-07-07,620.521,portal
2022-07-08,577.962,portal
2022-07-09,502.823,portal
2022-07-10,512.328,portal
2022-07-11,579.863,portal
2022-07-12,588.606,portal
2022-07-13,584.305,portal
2022-07-14,557.372,portal
2022-07-15,536.131,portal
2022-07-16,468.321,portal
2022-07-17,465.368,portal
2022-07-18,505.31,portal
2022-07-19,515.782,portal
2022-07-20,502.543,portal
2022-07-21,552.219,portal
2022-07-22,563.83,portal
2022-07-23,495.592,portal
2022-07-24,474.432,portal
2022-07-25,531.805,portal
2022-07-26,606.371,portal
2022-07-27,577.591,portal
2022-07-28,543.942,portal
2022-07-29,569.526,portal
2022-07-30,494.114,portal
2022-07-31,482.177,portal
2022-08-01,518.996,portal
2022-08-02,491.437,portal
2022-08-03,530.281,portal
2022-08-04,547.713,portal
2022-08-05,536.063,portal
2022-08-06,486.73,portal
2022-08-07,481.151,portal
2022-08-08,527.13,portal
2022-08-09,523.44,portal
2022-08-10,529.87,portal
2022-08-11,538.536,portal
2022-08-12,473.545,portal
2022-08-13,427.042,portal
2022-08-14,440.514,portal
2022-08-15,511.769,portal
2022-08-16,560.137,portal
2022-08-17,589.106,portal
2022-08-18,538.234,portal
2022-08-19,526.59,portal
2022-08-20,457.611,portal
2022-08-21,500.714,portal
2022-08-22,540.793,portal
2022-08-23,571.331,portal
2022-08-24,565.365,portal
2022-08-25,609.708,portal
2022-08-26,591.253,portal
2022-08-27,508.1,portal
2022-08-28,493.65,portal
2022-08-29,526.129,portal
2022-08-30,561.4,portal
2022-08-31,573.994,portal
2022-09-01,590.397,portal
2022-09-02,565.438,portal
2022-09-03,503.055,portal
2022-09-04,520.119,portal
2022-09-05,560.524,portal
2022-09-06,567.275,portal
2022-09-07,577.086,portal
2022-09-08,595.716,portal
2022-09-09,570.994,portal
2022-09-10,531.798,portal
2022-09-11,529.685,portal
2022-09-12,582.535,portal
2022-09-13,609.924,portal
2022-09-14,661.596,portal
2022-09-15,626.576,portal
2022-09-16,674.965,portal
2022-09-17,657.843,portal
2022-09-18,654.091,portal
2022-09-19,668.783,portal
2022-09-20,720.73,portal
2022-09-21,691.094,portal
2022-09-22,735.45,portal
2022-09-23,741.457,portal
2022-09-24,702.238,portal
2022-09-25,791.005,portal
2022-09-26,858.764,portal
2022-09-27,1040.331,portal
2022-09-28,1069.742,portal
2022-09-29,1023.426,portal
2022-09-30,1064.707,portal
2022-10-01,781.406,portal
2022-10-02,787.566,portal
2022-10-03,931.346,portal
2022-10-04,812.314,portal
2022-10-05,882.621,portal
2022-10-06,939.52,portal
2022-10-07,894.053,portal
2022-10-08,874.632,portal
2022-10-09,925.728,portal
2022-10-10,1001.433,portal
2022-10-11,1128.752,portal
2022-10-12,1136.635,portal
2022-10-13,1013.782,portal
2022-10-14,1017.638,portal
2022-10-15,943.784,portal
2022-10-16,963.244,portal
2022-10-17,917.242,portal
2022-10-18,1038.203,portal
2022-10-19,1009.078,portal
2022-10-20,1032.519,portal
2022-10-21,989.0,portal
2022-10-22,817.818,portal
2022-10-23,822.495,portal
2022-10-24,936.82,portal
2022-10-25,951.562,portal
2022-10-26,872.502,portal
2022-10-27,884.562,portal
2022-10-28,845.235,portal
2022-10-29,872.554,portal
2022-10-30,893.093,portal
2022-10-31,1006.173,portal
2022-11-01,1133.542,portal
2022-11-02,1339.79,portal
2022-11-03,1332.236,portal
2022-11-04,1427.74,portal
2022-11-05,1331.146,portal
2022-11-06,1282.197,portal
2022-11-07,1282.931,portal
2022-11-08,1279.112,portal
2022-11-09,1303.423,portal
2022-11-10,1249.021,portal
2022-11-11,1069.201,portal
2022-11-12,1054.955,portal
2022-11-13,1116.769,portal
2022-11-14,1277.278,portal
2022-11-15,1409.54,portal
2022-11-16,1547.197,portal
2022-11-17,1566.577,portal
2022-11-18,1549.96,portal
2022-11-19,1516.669,portal
2022-11-20,1602.329,portal
2022-11-21,1980.525,portal
2022-11-22,1873.036,portal
2022-11-23,1779.408,portal
2022-11-24,1805.406,portal
2022-11-25,1682.125,portal
2022-11-26,1509.226,portal
2022-11-27,1446.868,portal
2022-11-28,1807.319,portal
2022-11-29,2036.196,portal
2022-11-30,2005.426,portal
2022-12-01,2043.297,portal
2022-12-02,1991.16,portal
2022-12-03,1920.613,portal
2022-12-04,2017.229,portal
2022-12-05,2109.157,portal
2022-12-06,2218.316,portal
2022-12-07,2439.53,portal
2022-12-08,2620.209,portal
2022-12-09,2719.299,portal
2022-12-10,2544.759,portal
2022-12-11,2629.377,portal
2022-12-12,2873.154,portal
2022-12-13,2922.745,portal
2022-12-14,3002.029,portal
2022-12-15,3073.894,portal
2022-12-16,2951.885,portal
2022-12-17,2640.122,portal
2022-12-18,2325.087,portal
2022-12-19,1744.185,portal
2022-12-20,1837.209,portal
2022-12-21,1869.031,portal
2022-12-22,1856.163,portal
2022-12-23,1708.259,portal
2022-12-24,1596.752,portal
2022-12-25,1449.782,portal
2022-12-26,1801.908,portal
2022-12-27,1900.943,portal
2022-12-28,1701.913,portal
2022-12-29,1798.67,portal
2022-12-30,1732.956,portal
2022-12-31,1553.466,portal
2023-01-01,1551.359,portal
2023-01-02,1884.935,portal
2023-01-03,1957.928,portal
2023-01-04,1608.604,portal
2023-01-05,1627.918,portal
2023-01-06,1701.162,portal
2023-01-07,1564.864,portal
2023-01-08,1824.562,portal
2023-01-09,2044.342,portal
2023-01-10,1956.864,portal
2023-01-11,1927.045,portal
2023-01-12,1849.064,portal
2023-01-13,1952.05,portal
2023-01-14,1835.224,portal
2023-01-15,2069.329,portal
2023-01-16,2434.634,portal
2023-01-17,2717.428,portal
2023-01-18,2630.944,portal
2023-01-19,2637.143,portal
2023-01-20,2519.685,portal
2023-01-21,2487.283,portal
2023-01-22,2537.03,portal
2023-01-23,2555.463,portal
2023-01-24,2418.515,portal
2023-01-25,2346.504,portal
2023-01-26,2279.489,portal
2023-01-27,2253.503,portal
2023-01-28,2068.292,portal
2023-01-29,1959.573,portal
2023-01-30,2012.723,portal
2023-01-31,1993.797,portal
2023-02-01,2036.64,portal
2023-02-02,1838.901,portal
2023-02-03,1684.532,portal
2023-02-04,1654.872,portal
2023-02-05,1920.877,portal
2023-02-06,2156.64,portal
2023-02-07,2216.292,portal
2023-02-08,2222.056,portal
2023-02-09,2138.262,portal
2023-02-10,2083.237,portal
2023-02-11,1699.788,portal
2023-02-12,1735.007,portal
2023-02-13,1836.964,portal
2023-02-14,1962.209,portal
2023-02-15,1813.502,portal
2023-02-16,1679.814,portal
2023-02-17,1491.948,portal
2023-02-18,1431.864,portal
2023-02-19,1464.737,portal
2023-02-20,1572.104,portal
2023-02-21,1619.407,portal
2023-02-22,1776.338,portal
2023-02-23,1932.096,portal
2023-02-24,1916.263,portal
2023-02-25,1978.264,portal
2023-02-26,1999.064,portal
2023-02-27,2151.978,portal
2023-02-28,2143.143,portal
2023-03-01,2096.985,portal
2023-03-02,2025.387,portal
2023-03-03,2127.998,portal
2023-03-04,2003.543,portal
2023-03-05,2056.334,portal
2023-03-06,2114.073,portal
2023-03-07,2217.056,portal
2023-03-08,2519.058,portal
2023-03-09,2417.642,portal
2023-03-10,2303.834,portal
2023-03-11,2094.893,portal
2023-03-12,1668.14,portal
2023-03-13,1646.638,portal
2023-03-14,1991.583,portal
2023-03-15,2120.613,portal
2023-03-16,1692.173,portal
2023-03-17,1417.722,portal
2023-03-18,1288.629,portal
2023-03-19,1468.808,portal
2023-03-20,1576.459,portal
2023-03-21,1396.912,portal
2023-03-22,1382.421,portal
2023-03-23,1427.098,portal
2023-03-24,1406.657,portal
2023-03-25,1340.193,portal
2023-03-26,1595.02,portal
2023-03-27,1623.442,portal
2023-03-28,1833.22,portal
2023-03-29,1498.386,portal
2023-03-30,1276.737,portal
2023-03-31,1390.287,portal
2023-04-01,1434.573,portal
2023-04-02,1460.083,portal
2023-04-03,1537.182,portal
2023-04-04,1446.283,portal
2023-04-05,1099.492,portal
2023-04-06,1327.87,portal
2023-04-07,1197.158,portal
2023-04-08,1107.939,portal
2023-04-09,1095.668,portal
2023-04-10,1183.461,portal
2023-04-11,1451.992,portal
2023-04-12,1625.132,portal
2023-04-13,1478.713,portal
2023-04-14,1575.056,portal
2023-04-15,1237.788,portal
2023-04-16,1169.571,portal
2023-04-17,1145.699,portal
2023-04-18,1206.519,portal
2023-04-19,1208.614,portal
2023-04-20,1224.414,portal
2023-04-21,1352.499,portal
2023-04-22,1177.283,portal
2023-04-23,1182.005,portal
2023-04-24,1400.853,portal
2023-04-25,1399.473,portal
2023-04-26,1400.783,portal
2023-04-27,1446.628,portal
2023-04-28,1180.255,portal
2023-04-29,955.439,portal
2023-04-30,919.773,portal
2023-05-01,913.167,portal
2023-05-02,1000.66,portal
2023-05-03,974.893,portal
2023-05-04,1016.702,portal
2023-05-05,863.982,portal
2023-05-06,803.39,portal
2023-05-07,697.074,portal
2023-05-08,826.07,portal
2023-05-09,806.567,portal
2023-05-10,827.169,portal
2023-05-11,821.189,portal
2023-05-12,932.122,portal
2023-05-13,861.184,portal
2023-05-14,770.601,portal
2023-05-15,815.302,portal
2023-05-16,829.244,portal
2023-05-17,767.863,portal
2023-05-18,721.751,portal
2023-05-19,731.743,portal
2023-05-20,631.667,portal
2023-05-21,633.103,portal
2023-05-22,681.33,portal
2023-05-23,680.727,portal
2023-05-24,660.713,portal
2023-05-25,658.574,portal
2023-05-26,628.264,portal
2023-05-27,545.612,portal
2023-05-28,549.912,portal
2023-05-29,611.838,portal
2023-05-30,698.087,portal
2023-05-31,720.717,portal
2023-06-01,733.814,portal
2023-06-02,670.784,portal
2023-06-03,568.011,portal
2023-06-04,594.895,portal
2023-06-05,672.226,portal
2023-06-06,740.431,portal
2023-06-07,704.234,portal
2023-06-08,653.788,portal
2023-06-09,588.683,portal
2023-06-10,484.245,portal
2023-06-11,535.266,portal
2023-06-12,531.889,portal
2023-06-13,536.088,portal
2023-06-14,500.826,portal
2023-06-15,537.27,portal
2023-06-16,469.507,portal
2023-06-17,444.487,portal
2023-06-18,495.607,portal
2023-06-19,489.04,portal
2023-06-20,558.267,portal
2023-06-21,535.362,portal
2023-06-22,517.149,portal
2023-06-23,505.653,portal
2023-06-24,449.002,portal
2023-06-25,485.089,portal
2023-06-26,523.265,portal
2023-06-27,531.792,portal
2023-06-28,553.06,portal
2023-06-29,541.308,portal
2023-06-30,525.458,portal
2023-07-01,497.581,portal
2023-07-02,528.163,portal
2023-07-03,594.474,portal
2023-07-04,603.241,portal
2023-07-05,599.226,portal
2023-07-06,586.431,portal
2023-07-07,508.284,portal
2023-07-08,497.138,portal
2023-07-09,490.613,portal
2023-07-10,542.619,portal
2023-07-11,553.696,portal
2023-07-12,565.582,portal
2023-07-13,547.717,portal
2023-07-14,569.671,portal
2023-07-15,508.095,portal
2023-07-16,520.996,portal
2023-07-17,567.705,portal
2023-07-18,623.215,portal
2023-07-19,581.031,portal
2023-07-20,589.359,portal
2023-07-21,555.293,portal
2023-07-22,517.328,portal
2023-07-23,507.569,portal
2023-07-24,613.438,portal
2023-07-25,584.132,portal
2023-07-26,565.785,portal
2023-07-27,542.688,portal
2023-07-28,520.439,portal
2023-07-29,454.841,portal
2023-07-30,478.769,portal
2023-07-31,540.623,portal
2023-08-01,549.21,portal
2023-08-02,552.699,portal
2023-08-03,555.837,portal
2023-08-04,551.551,portal
2023-08-05,560.356,portal
2023-08-06,536.298,portal
2023-08-07,556.792,portal
2023-08-08,574.046,portal
2023-08-09,545.945,portal
2023-08-10,505.381,portal
2023-08-11,493.752,portal
2023-08-12,452.887,portal
2023-08-13,471.084,portal
2023-08-14,538.97,portal
2023-08-15,546.392,portal
2023-08-16,528.081,portal
2023-08-17,519.807,portal
2023-08-18,521.588,portal
2023-08-19,468.27,portal
2023-08-20,472.005,portal
2023-08-21,530.746,portal
2023-08-22,530.208,portal
2023-08-23,557.797,portal
2023-08-24,544.448,portal
2023-08-25,554.636,portal
2023-08-26,504.674,portal
2023-08-27,510.647,portal
2023-08-28,545.617,portal
2023-08-29,603.335,portal
2023-08-30,608.101,portal
2023-08-31,617.735,portal
2023-09-01,573.469,portal
2023-09-02,495.492,portal
2023-09-03,494.902,portal
2023-09-04,508.93,portal
2023-09-05,512.721,portal
2023-09-06,503.385,portal
2023-09-07,500.917,portal
2023-09-08,488.433,portal
2023-09-09,443.045,portal
2023-09-10,460.341,portal
2023-09-11,528.308,portal
2023-09-12,582.178,portal
2023-09-13,601.117,portal
2023-09-14,592.448,portal
2023-09-15,588.627,portal
2023-09-16,543.596,portal
2023-09-17,583.14,portal
2023-09-18,605.275,portal
2023-09-19,650.907,portal
2023-09-20,659.859,portal
2023-09-21,712.272,portal
2023-09-22,739.038,portal
2023-09-23,683.662,portal
2023-09-24,644.759,portal
2023-09-25,630.811,portal
2023-09-26,662.243,portal
2023-09-27,722.694,portal
2023-09-28,720.363,portal
2023-09-29,674.686,portal
2023-09-30,678.479,portal
2023-10-01,617.456,portal
2023-10-02,697.469,portal
2023-10-03,753.561,portal
2023-10-04,789.409,portal
2023-10-05,762.08,portal
2023-10-06,661.354,portal
2023-10-07,609.13,portal
2023-10-08,629.34,portal
2023-10-09,647.817,portal
2023-10-10,657.944,portal
2023-10-11,748.707,portal
2023-10-12,845.97,portal
2023-10-13,853.175,portal
2023-10-14,999.041,portal
2023-10-15,1202.924,portal
2023-10-16,1450.401,portal
2023-10-17,1259.57,portal
2023-10-18,1175.761,portal
2023-10-19,965.63,portal
2023-10-20,1041.864,portal
2023-10-21,1049.466,portal
2023-10-22,1161.089,portal
2023-10-23,1293.519,portal
2023-10-24,1232.096,portal
2023-10-25,1288.35,portal
2023-10-26,1235.833,portal
2023-10-27,1263.148,portal
2023-10-28,1165.149,portal
2023-10-29,1171.607,portal
2023-10-30,1330.038,portal
2023-10-31,1372.082,portal
2023-11-01,1314.759,portal
2023-11-02,1476.972,portal
2023-11-03,1428.626,portal
2023-11-04,1448.471,portal
2023-11-05,1375.756,portal
2023-11-06,1530.696,portal
2023-11-07,1561.946,portal
2023-11-08,1626.037,portal
2023-11-09,1696.873,portal
2023-11-10,1766.67,portal
2023-11-11,1703.174,portal
2023-11-12,1750.841,portal
2023-11-13,1538.563,portal
2023-11-14,1556.216,portal
2023-11-15,1647.215,portal
2023-11-16,1842.2,portal
2023-11-17,1743.502,portal
2023-11-18,1379.753,portal
2023-11-19,1351.678,portal
2023-11-20,1525.103,portal
2023-11-21,1645.354,portal
2023-11-22,1687.132,portal
2023-11-23,1511.222,portal
2023-11-24,1849.992,portal
2023-11-25,2092.513,portal
2023-11-26,2080.09,portal
2023-11-27,2000.946,portal
2023-11-28,2135.905,portal
2023-11-29,2395.678,portal
2023-11-30,2626.203,portal
2023-12-01,2716.164,portal
2023-12-02,2677.496,portal
2023-12-03,2334.521,portal
2023-12-04,2257.106,portal
2023-12-05,2233.183,portal
2023-12-06,2448.113,portal
2023-12-07,2236.764,portal
2023-12-08,1918.552,portal
2023-12-09,1750.749,portal
2023-12-10,1755.692,portal
2023-12-11,1836.119,portal
2023-12-12,1832.155,portal
2023-12-13,2039.845,portal
2023-12-14,2100.567,portal
2023-12-15,1924.134,portal
2023-12-16,1615.916,portal
2023-12-17,1590.655,portal
2023-12-18,1568.38,portal
2023-12-19,1710.318,portal
2023-12-20,1810.752,portal
2023-12-21,1688.94,portal
2023-12-22,1636.845,portal
2023-12-23,1477.406,portal
2023-12-24,1305.863,portal
2023-12-25,1321.498,portal
2023-12-26,1624.068,portal
2023-12-27,1681.202,portal
2023-12-28,1663.706,portal
2023-12-29,1772.807,portal
2023-12-30,1735.357,portal
2023-12-31,1731.784,portal
2024-01-01,1715.258,portal
2024-01-02,1694.715,portal
2024-01-03,1784.73,portal
2024-01-04,1926.096,portal
2024-01-05,2003.625,portal
2024-01-06,2031.389,portal
2024-01-07,2259.976,portal
2024-01-08,2609.536,portal
2024-01-09,2623.985,portal
2024-01-10,2597.05,portal
2024-01-11,2482.962,portal
2024-01-12,2357.103,portal
2024-01-13,2196.765,portal
2024-01-14,2252.714,portal
2024-01-15,2668.999,portal
2024-01-16,2733.067,portal
2024-01-17,2791.697,portal
2024-01-18,2946.289,portal
2024-01-19,2719.448,portal
2024-01-20,2382.063,portal
2024-01-21,1983.461,portal
2024-01-22,1974.74,portal
2024-01-23,2009.553,portal
2024-01-24,1815.488,portal
2024-01-25,1812.268,portal
2024-01-26,1853.347,portal
2024-01-27,1946.694,portal
2024-01-28,1821.19,portal
2024-01-29,1753.454,portal
2024-01-30,1913.419,portal
2024-01-31,2088.753,portal
2024-02-01,1973.841,portal
2024-02-02,1737.525,portal
2024-02-03,1495.657,portal
2024-02-04,1550.582,portal
2024-02-05,1699.147,portal
2024-02-06,1735.024,portal
2024-02-07,2050.922,portal
2024-02-08,2194.322,portal
2024-02-09,1871.991,portal
2024-02-10,1657.937,portal
2024-02-11,1733.896,portal
2024-02-12,1927.739,portal
2024-02-13,1929.73,portal
2024-02-14,1612.38,portal
2024-02-15,1350.754,portal
2024-02-16,1415.431,portal
2024-02-17,1394.866,portal
2024-02-18,1313.348,portal
2024-02-19,1556.426,portal
2024-02-20,1653.872,portal
2024-02-21,1689.528,portal
2024-02-22,1911.641,portal
2024-02-23,2001.29,portal
2024-02-24,1951.028,portal
2024-02-25,2026.86,portal
2024-02-26,2143.403,portal
2024-02-27,2118.099,portal
2024-02-28,1881.909,portal
2024-02-29,1804.826,portal
2024-03-01,2119.038,portal
2024-03-02,2021.435,portal
2024-03-03,1948.561,portal
2024-03-04,1995.913,portal
2024-03-05,1838.991,portal
2024-03-06,1860.908,portal
2024-03-07,1937.641,portal
2024-03-08,1925.513,portal
2024-03-09,1710.753,portal
2024-03-10,1748.901,portal
2024-03-11,1909.14,portal
2024-03-12,1714.96,portal
2024-03-13,1518.676,portal
2024-03-14,1475.278,portal
2024-03-15,1418.216,portal
2024-03-16,1459.28,portal
2024-03-17,1310.191,portal
2024-03-18,1337.428,portal
2024-03-19,1312.344,portal
2024-03-20,1330.2,portal
2024-03-21,1414.37,portal
2024-03-22,1485.868,portal
2024-03-23,1615.472,portal
2024-03-24,1502.004,portal
2024-03-25,1697.479,portal
2024-03-26,1550.238,portal
2024-03-27,1689.081,portal
2024-03-28,1748.98,portal
2024-03-29,1463.773,portal
2024-03-30,1188.516,portal
2024-03-31,1297.908,portal
2024-04-01,1381.517,portal
2024-04-02,1390.804,portal
2024-04-03,1386.886,portal
2024-04-04,1362.459,portal
2024-04-05,1139.287,portal
2024-04-06,938.745,portal
2024-04-07,1051.911,portal
2024-04-08,1185.973,portal
2024-04-09,1421.769,portal
2024-04-10,1471.087,portal
2024-04-11,1037.104,portal
2024-04-12,931.512,portal
2024-04-13,917.095,portal
2024-04-14,1089.044,portal
2024-04-15,1387.521,portal
2024-04-16,1376.878,portal
2024-04-17,1476.067,portal
2024-04-18,1463.105,portal
2024-04-19,1306.257,portal
2024-04-20,1259.099,portal
2024-04-21,1257.669,portal
2024-04-22,1478.791,portal
2024-04-23,1419.86,portal
2024-04-24,1469.511,portal
2024-04-25,1538.018,portal
2024-04-26,1429.596,portal
2024-04-27,1402.649,portal
2024-04-28,1372.546,portal
2024-04-29,1266.363,portal
2024-04-30,1012.24,portal
2024-05-01,927.029,portal
2024-05-02,947.987,portal
2024-05-03,1097.363,portal
2024-05-04,930.664,portal
2024-05-05,833.308,portal
2024-05-06,875.537,portal
2024-05-07,814.797,portal
2024-05-08,752.844,portal
2024-05-09,698.001,portal
2024-05-10,616.842,portal
2024-05-11,552.708,portal
2024-05-12,546.892,portal
2024-05-13,647.087,portal
2024-05-14,680.678,portal
2024-05-15,694.802,portal
2024-05-16,722.852,portal
2024-05-17,637.944,portal
2024-05-18,578.229,portal
2024-05-19,586.889,portal
2024-05-20,651.305,portal
2024-05-21,725.331,portal
2024-05-22,775.159,portal
2024-05-23,834.434,portal
2024-05-24,812.358,portal
2024-05-25,614.681,portal
2024-05-26,635.503,portal
2024-05-27,672.196,portal
2024-05-28,751.503,portal
2024-05-29,706.699,portal
2024-05-30,713.388,portal
2024-05-31,756.688,portal
2024-06-01,654.183,portal
2024-06-02,583.5,portal
2024-06-03,646.41,portal
2024-06-04,687.309,portal
2024-06-05,748.718,portal
2024-06-06,738.34,portal
2024-06-07,688.841,portal
2024-06-08,631.275,portal
2024-06-09,729.685,portal
2024-06-10,777.491,portal
2024-06-11,836.435,portal
2024-06-12,803.673,portal
2024-06-13,833.514,portal
2024-06-14,719.22,portal
2024-06-15,712.979,portal
2024-06-16,652.739,portal
2024-06-17,652.465,portal
2024-06-18,660.131,portal
2024-06-19,643.753,portal
2024-06-20,599.861,portal
2024-06-21,559.336,portal
2024-06-22,499.285,portal
2024-06-23,506.72,portal
2024-06-24,539.043,portal
2024-06-25,545.918,portal
2024-06-26,531.576,portal
2024-06-27,537.972,portal
2024-06-28,551.839,portal
2024-06-29,516.991,portal
2024-06-30,549.7,portal
2024-07-01,632.042,portal
2024-07-02,634.908,portal
2024-07-03,665.765,portal
2024-07-04,641.574,portal
2024-07-05,605.241,portal
2024-07-06,582.615,portal
2024-07-07,596.855,portal
2024-07-08,601.324,portal
2024-07-09,618.257,portal
2024-07-10,613.737,portal
2024-07-11,660.673,portal
2024-07-12,623.386,portal
2024-07-13,598.501,portal
2024-07-14,571.297,portal
2024-07-15,617.854,portal
2024-07-16,653.583,portal
2024-07-17,593.39,portal
2024-07-18,562.575,portal
2024-07-19,493.702,portal
2024-07-20,448.944,portal
2024-07-21,488.327,portal
2024-07-22,537.428,portal
2024-07-23,560.108,portal
2024-07-24,531.641,portal
2024-07-25,541.691,portal
2024-07-26,535.922,portal
2024-07-27,481.374,portal
2024-07-28,444.151,portal
2024-07-29,473.695,portal
2024-07-30,510.136,portal
2024-07-31,490.372,portal
2024-08-01,504.192,portal
2024-08-02,473.772,portal
2024-08-03,447.9,portal
2024-08-04,463.584,portal
2024-08-05,479.197,portal
2024-08-06,513.946,portal
2024-08-07,520.298,portal
2024-08-08,525.545,portal
2024-08-09,513.955,portal
2024-08-10,482.514,portal
2024-08-11,453.543,portal
2024-08-12,489.017,portal
2024-08-13,522.435,portal
2024-08-14,538.587,portal
2024-08-15,530.147,portal
2024-08-16,546.357,portal
2024-08-17,501.504,portal
2024-08-18,484.465,portal
2024-08-19,560.025,portal
2024-08-20,562.332,portal
2024-08-21,594.278,portal
2024-08-22,582.046,portal
2024-08-23,548.506,portal
2024-08-24,529.626,portal
2024-08-25,558.689,portal
2024-08-26,537.387,portal
2024-08-27,567.65,portal
2024-08-28,588.739,portal
2024-08-29,573.191,portal
2024-08-30,553.758,portal
2024-08-31,491.01,portal
2024-09-01,498.575,portal
2024-09-02,537.414,portal
2024-09-03,555.92,portal
2024-09-04,591.434,portal
2024-09-05,643.972,portal
2024-09-06,542.046,portal
2024-09-07,515.468,portal
2024-09-08,516.941,portal
2024-09-09,619.029,portal
2024-09-10,716.595,portal
2024-09-11,841.238,portal
2024-09-12,917.747,portal
2024-09-13,898.633,portal
2024-09-14,694.497,portal
2024-09-15,699.613,portal
2024-09-16,714.42,portal
2024-09-17,687.478,portal
2024-09-18,648.935,portal
2024-09-19,656.068,portal
2024-09-20,635.777,portal
2024-09-21,607.801,portal
2024-09-22,666.279,portal
2024-09-23,754.442,portal
2024-09-24,791.896,portal
2024-09-25,891.465,portal
2024-09-26,904.23,portal
2024-09-27,1049.662,portal
2024-09-28,1063.78,portal
2024-09-29,1127.526,portal
2024-09-30,1106.955,portal
2024-10-01,1126.768,portal
2024-10-02,1051.762,portal
2024-10-03,1085.479,portal
2024-10-04,1105.347,portal
2024-10-05,917.678,portal
2024-10-06,948.216,portal
2024-10-07,915.32,portal
2024-10-08,912.467,portal
2024-10-09,1005.767,portal
2024-10-10,1259.058,portal
2024-10-11,1379.523,portal
2024-10-12,1267.344,portal
2024-10-13,1496.826,portal
2024-10-14,1460.771,portal
2024-10-15,1244.528,portal
2024-10-16,993.499,portal
2024-10-17,946.006,portal
2024-10-18,1037.151,portal
2024-10-19,901.305,portal
2024-10-20,1011.272,portal
2024-10-21,1169.053,portal
2024-10-22,1160.262,portal
2024-10-23,1137.34,portal
2024-10-24,1086.594,portal
2024-10-25,1045.121,portal
2024-10-26,1091.955,portal
2024-10-27,1143.056,portal
2024-10-28,1110.94,portal
2024-10-29,1046.956,portal
2024-10-30,1147.793,portal
2024-10-31,1166.888,portal
2024-11-01,1229.849,portal
2024-11-02,1133.547,portal
2024-11-03,1192.306,portal
2024-11-04,1345.417,portal
2024-11-05,1412.817,portal
2024-11-06,1351.338,portal
2024-11-07,1415.492,portal
2024-11-08,1527.742,portal
2024-11-09,1490.265,portal
2024-11-10,1425.629,portal
2024-11-11,1521.241,portal
2024-11-12,1728.074,portal
2024-11-13,1640.938,portal
2024-11-14,1525.534,portal
2024-11-15,1604.486,portal
2024-11-16,1507.189,portal
2024-11-17,1640.587,portal
2024-11-18,1985.791,portal
2024-11-19,2280.486,portal
2024-11-20,2494.338,portal
2024-11-21,2582.39,portal
2024-11-22,2428.336,portal
2024-11-23,1942.59,portal
2024-11-24,1377.032,portal
2024-11-25,1703.79,portal
2024-11-26,1954.249,portal
2024-11-27,2138.982,portal
2024-11-28,2400.27,portal
2024-11-29,1967.968,portal
2024-11-30,1460.356,portal
2024-12-01,1357.87,portal
2024-12-02,1777.928,portal
2024-12-03,2098.951,portal
2024-12-04,2083.111,portal
2024-12-05,1713.36,portal
2024-12-06,1917.125,portal
2024-12-07,1997.074,portal
2024-12-08,2058.406,portal
2024-12-09,2136.475,portal
2024-12-10,2240.403,portal
2024-12-11,2298.974,portal
2024-12-12,2213.054,portal
2024-12-13,2143.177,portal
2024-12-14,1904.613,portal
2024-12-15,1655.594,portal
2024-12-16,1689.322,portal
2024-12-17,1784.724,portal
2024-12-18,1575.075,portal
2024-12-19,1990.435,portal
2024-12-20,2044.375,portal
2024-12-21,1817.896,portal
2024-12-22,2075.894,portal
2024-12-23,2036.028,portal
2024-12-24,1535.76,portal
2024-12-25,1407.708,portal
2024-12-26,1592.714,portal
2024-12-27,1850.375,portal
2024-12-28,1867.73,portal
2024-12-29,1773.69,portal
2024-12-30,1719.993,portal
2024-12-31,1666.522,portal
2025-01-01,1728.361,portal
2025-01-02,2378.812,portal
2025-01-03,2538.023,portal
2025-01-04,2469.608,portal
2025-01-05,2195.736,portal
2025-01-06,2343.084,portal
2025-01-07,2542.392,portal
2025-01-08,2907.227,portal
2025-01-09,2805.897,portal
2025-01-10,2970.122,portal
2025-01-11,2755.277,portal
2025-01-12,2546.336,portal
2025-01-13,2409.125,portal
2025-01-14,2087.904,portal
2025-01-15,1908.927,portal
2025-01-16,2129.192,portal
2025-01-17,2127.925,portal
2025-01-18,2233.519,portal
2025-01-19,2394.439,portal
2025-01-20,2460.103,portal
2025-01-21,2350.905,portal
2025-01-22,2380.519,portal
2025-01-23,2316.646,portal
2025-01-24,2104.001,portal
2025-01-25,2085.181,portal
2025-01-26,2228.344,portal
2025-01-27,2139.046,portal
2025-01-28,2043.807,portal
2025-01-29,2119.985,portal
2025-01-30,2279.15,portal
2025-01-31,2178.664,portal
2025-02-01,2076.353,portal
2025-02-02,2060.895,portal
2025-02-03,2093.299,portal
2025-02-04,2002.302,portal
2025-02-05,2191.854,portal
2025-02-06,2281.219,portal
2025-02-07,2456.683,portal
2025-02-08,2275.746,portal
2025-02-09,2220.475,portal
2025-02-10,2439.654,portal
2025-02-11,2441.302,portal
2025-02-12,2368.574,portal
2025-02-13,2444.736,portal
2025-02-14,2433.234,portal
2025-02-15,2274.675,portal
2025-02-16,2305.731,portal
2025-02-17,2518.096,portal
2025-02-18,2412.375,portal
2025-02-19,2309.941,portal
2025-02-20,1755.437,portal
2025-02-21,1517.002,portal
2025-02-22,1422.393,portal
2025-02-23,1700.396,portal
2025-02-24,1580.454,portal
2025-02-25,1795.374,portal
2025-02-26,2018.061,portal
2025-02-27,1972.567,portal
2025-02-28,2006.72,portal
2025-03-01,1899.08,portal
2025-03-02,1875.973,portal
2025-03-03,1888.787,portal
2025-03-04,1803.441,portal
2025-03-05,1720.111,portal
2025-03-06,1514.117,portal
2025-03-07,1354.065,portal
2025-03-08,1140.268,portal
2025-03-09,1203.535,portal
2025-03-10,1552.156,portal
2025-03-11,1834.525,portal
2025-03-12,2019.476,portal
2025-03-13,2136.239,portal
2025-03-14,2022.828,portal
2025-03-15,1877.02,portal
2025-03-16,1877.237,portal
2025-03-17,2041.894,portal
2025-03-18,1849.179,portal
2025-03-19,1673.345,portal
2025-03-20,1280.473,portal
2025-03-21,1263.987,portal
2025-03-22,1133.33,portal
2025-03-23,1346.482,portal
2025-03-24,1430.66,portal
2025-03-25,1415.119,portal
2025-03-26,1231.824,portal
2025-03-27,1219.369,portal
2025-03-28,1301.821,portal
2025-03-29,1327.287,portal
2025-03-30,1105.822,portal
2025-03-31,1160.571,portal
2025-04-01,1146.701,portal
2025-04-02,1159.126,portal
2025-04-03,1095.762,portal
2025-04-04,987.38,portal
2025-04-05,1031.671,portal
2025-04-06,1062.866,portal
2025-04-07,1152.779,portal
2025-04-08,1148.329,portal
2025-04-09,1211.273,portal
2025-04-10,1079.539,portal
2025-04-11,908.943,portal
2025-04-12,746.713,portal
2025-04-13,863.347,portal
2025-04-14,1078.354,portal
2025-04-15,1131.674,portal
2025-04-16,1249.599,portal
2025-04-17,1145.112,portal
2025-04-18,1116.299,portal
2025-04-19,1024.721,portal
2025-04-20,997.258,portal
2025-04-21,1088.827,portal
2025-04-22,997.207,portal
2025-04-23,1098.267,portal
2025-04-24,1025.532,portal
2025-04-25,1015.041,portal
2025-04-26,894.73,portal
2025-04-27,762.201,portal
2025-04-28,720.081,portal
2025-04-29,674.117,portal
2025-04-30,631.272,portal
2025-05-01,592.485,portal
2025-05-02,603.213,portal
2025-05-03,611.234,portal
2025-05-04,774.176,portal
2025-05-05,985.509,portal
2025-05-06,971.306,portal
2025-05-07,909.297,portal
2025-05-08,925.709,portal
2025-05-09,777.485,portal
2025-05-10,599.462,portal
2025-05-11,564.329,portal
2025-05-12,607.446,portal
2025-05-13,617.846,portal
2025-05-14,643.175,portal
2025-05-15,777.987,portal
2025-05-16,673.637,portal
2025-05-17,618.65,portal
2025-05-18,632.102,portal
2025-05-19,689.359,portal
2025-05-20,653.418,portal
2025-05-21,661.659,portal
2025-05-22,733.729,portal
2025-05-23,674.571,portal
2025-05-24,567.478,portal
2025-05-25,581.577,portal
2025-05-26,673.181,portal
2025-05-27,771.562,portal
2025-05-28,669.782,portal
2025-05-29,606.876,portal
2025-05-30,572.982,portal
2025-05-31,527.695,portal
2025-06-01,551.454,portal
2025-06-02,602.98,portal
2025-06-03,665.67,portal
2025-06-04,680.901,portal
2025-06-05,714.201,portal
2025-06-06,685.682,portal
2025-06-07,683.516,portal
2025-06-08,675.173,portal
2025-06-09,701.72,portal
2025-06-10,642.974,portal
2025-06-11,591.44,portal
2025-06-12,567.142,portal
2025-06-13,514.601,portal
2025-06-14,480.551,portal
2025-06-15,493.306,portal
2025-06-16,548.987,portal
2025-06-17,541.816,portal
2025-06-18,560.66,portal
2025-06-19,509.912,portal
2025-06-20,473.685,portal
2025-06-21,421.771,portal
2025-06-22,429.544,portal
2025-06-23,514.676,portal
2025-06-24,516.889,portal
2025-06-25,551.576,portal
2025-06-26,503.889,portal
2025-06-27,496.024,portal
2025-06-28,423.365,portal
2025-06-29,457.76,portal
2025-06-30,506.707,portal
2025-07-01,532.879,portal
2025-07-02,530.124,portal
2025-07-03,542.833,portal
2025-07-04,515.2,portal
2025-07-05,447.945,portal
2025-07-06,491.801,portal
2025-07-07,522.62,portal
2025-07-08,515.85,portal
2025-07-09,500.023,portal
2025-07-10,488.336,portal
2025-07-11,432.389,portal
2025-07-12,375.864,portal
2025-07-13,399.181,portal
2025-07-14,463.67,portal
2025-07-15,507.312,portal
2025-07-16,515.789,portal
2025-07-17,518.139,portal
2025-07-18,489.388,portal
2025-07-19,452.082,portal
2025-07-20,485.912,portal
2025-07-21,496.255,portal
2025-07-22,523.123,portal
2025-07-23,526.778,portal
2025-07-24,523.035,portal
2025-07-25,491.168,portal
2025-07-26,435.104,portal
2025-07-27,459.257,portal
2025-07-28,511.01,portal
2025-07-29,495.942,portal
2025-07-30,493.793,portal
2025-07-31,511.962,portal
2025-08-01,510.803,portal
2025-08-02,441.535,portal
2025-08-03,460.461,portal
2025-08-04,506.504,portal
2025-08-05,532.384,portal
2025-08-06,516.752,portal
2025-08-07,519.734,portal
2025-08-08,527.236,portal
2025-08-09,464.725,portal
2025-08-10,450.766,portal
2025-08-11,501.406,portal
2025-08-12,490.933,portal
2025-08-13,487.757,portal
2025-08-14,485.072,portal
2025-08-15,457.251,portal
2025-08-16,428.297,portal
2025-08-17,447.732,portal
2025-08-18,545.422,portal
2025-08-19,519.802,portal
2025-08-20,559.278,portal
2025-08-21,562.602,portal
2025-08-22,589.814,portal
2025-08-23,483.983,portal
2025-08-24,459.085,portal
2025-08-25,479.627,portal
2025-08-26,519.349,portal
2025-08-27,515.387,portal
2025-08-28,521.635,portal
2025-08-29,520.672,portal
2025-08-30,475.593,portal
2025-08-31,483.03,portal
2025-09-01,546.006,portal
2025-09-02,581.987,portal
2025-09-03,588.081,portal
2025-09-04,617.442,portal
2025-09-05,578.956,portal
2025-09-06,478.366,portal
2025-09-07,497.909,portal
2025-09-08,591.449,portal
2025-09-09,612.763,portal
2025-09-10,602.794,portal
2025-09-11,659.168,portal
2025-09-12,682.408,portal
2025-09-13,649.804,portal
2025-09-14,774.099,portal
2025-09-15,753.725,portal
2025-09-16,719.646,portal
2025-09-17,738.035,portal
2025-09-18,637.892,portal
2025-09-19,604.084,portal
2025-09-20,617.691,portal
2025-09-21,739.047,portal
2025-09-22,912.078,portal
2025-09-23,966.386,portal
2025-09-24,887.364,portal
2025-09-25,842.554,portal
2025-09-26,910.829,portal
2025-09-27,817.253,portal
2025-09-28,824.699,portal
2025-09-29,943.699,portal
2025-09-30,856.121,portal
2025-10-01,848.43,portal
2025-10-02,837.672,portal
2025-10-03,857.329,portal
2025-10-04,925.317,portal
2025-10-05,944.985,portal
2025-10-06,838.625,portal
2025-10-07,865.187,portal
2025-10-08,919.972,portal
2025-10-09,969.595,portal
2025-10-10,939.367,portal
2025-10-11,902.674,portal
2025-10-12,1028.83,portal
2025-10-13,1067.33,portal
2025-10-14,1114.269,portal
2025-10-15,1171.755,portal
2025-10-16,1132.487,portal
2025-10-17,1097.059,portal
2025-10-18,1037.292,portal
2025-10-19,1024.977,portal
2025-10-20,1010.661,portal
2025-10-21,1046.917,portal
2025-10-22,1166.887,portal
2025-10-23,1367.23,portal
2025-10-24,1432.294,portal
2025-10-25,1399.199,portal
2025-10-26,1529.992,portal
2025-10-27,1375.528,portal
2025-10-28,1249.426,portal
2025-10-29,1367.155,portal
2025-10-30,1481.564,portal
2025-10-31,1194.612,portal
2025-11-01,1168.559,portal
2025-11-02,1328.566,portal
2025-11-03,1247.974,portal
2025-11-04,1112.791,portal
2025-11-05,1025.221,portal
2025-11-06,1025.871,portal
2025-11-07,1074.541,portal
2025-11-08,1070.887,portal
2025-11-09,1258.901,portal
2025-11-10,1301.308,portal
2025-11-11,1369.96,portal
2025-11-12,1163.811,portal
2025-11-13,1190.612,portal
2025-11-14,1462.039,portal
2025-11-15,1371.646,portal
2025-11-16,1576.312,portal
2025-11-17,1977.988,portal
2025-11-18,2154.361,portal
2025-11-19,2379.595,portal
2025-11-20,2596.539,portal
2025-11-21,2499.164,portal
2025-11-22,2060.428,portal
2025-11-23,1856.502,portal
2025-11-24,2097.345,portal
2025-11-25,2229.953,portal
2025-11-26,2288.579,portal
2025-11-27,1627.13,portal
2025-11-28,1709.755,portal
2025-11-29,1721.37,portal
2025-11-30,1951.699,portal
2025-12-01,1821.713,portal
2025-12-02,1826.434,portal
2025-12-03,2006.557,portal
2025-12-04,2051.718,portal
2025-12-05,2131.076,portal
2025-12-06,1639.926,portal
2025-12-07,1599.244,portal
2025-12-08,1600.004,portal
2025-12-09,1532.126,portal
2025-12-10,1625.384,portal
2025-12-11,1688.157,portal
2025-12-12,1721.958,portal
2025-12-13,1807.68,portal
2025-12-14,1683.223,portal
2025-12-15,1706.133,portal
2025-12-16,1893.131,portal
2025-12-17,2046.838,portal
2025-12-18,1770.822,portal
2025-12-19,1824.873,portal
2025-12-20,1866.136,portal
2025-12-21,1681.662,portal
2025-12-22,1683.069,portal
2025-12-23,1847.688,portal
2025-12-24,2022.106,portal
2025-12-25,2055.428,portal
2025-12-26,2055.146,portal
2025-12-27,2019.086,portal
2025-12-28,1946.331,portal
2025-12-29,2081.927,portal
2025-12-30,2178.503,portal
2025-12-31,2386.293,portal
2026-01-01,2223.561,portal
2026-01-02,2504.464,portal
2026-01-03,2632.951,portal
2026-01-04,2739.462,portal
2026-01-05,3014.622,portal
2026-01-06,2968.591,portal
2026-01-07,2564.158,portal
2026-01-08,2656.887,portal
2026-01-09,2600.941,portal
2026-01-10,2530.557,portal
2026-01-11,2360.961,portal
2026-01-12,1968.642,portal
2026-01-13,2026.671,portal
2026-01-14,2323.31,portal
2026-01-15,2176.389,portal
2026-01-16,2126.333,portal
2026-01-17,1911.455,portal
2026-01-18,1927.881,portal
2026-01-19,1999.639,portal
2026-01-20,1968.871,portal
2026-01-21,2025.25,portal
2026-01-22,1987.441,portal
2026-01-23,2060.348,portal
2026-01-24,1946.867,portal
2026-01-25,2019.846,portal
2026-01-26,2301.585,portal
2026-01-27,2259.406,portal
2026-01-28,2195.89,portal
2026-01-29,2361.928,portal
2026-01-30,2162.6,portal
2026-01-31,1884.599,portal
2026-02-01,1852.284,portal
2026-02-02,2045.318,portal
2026-02-03,2356.383,portal
2026-02-04,2143.103,portal
2026-02-05,2238.265,portal
2026-02-06,2090.334,portal
2026-02-07,1830.556,portal
2026-02-08,1749.144,portal
2026-02-09,1895.616,portal
2026-02-10,1854.909,portal
2026-02-11,1774.775,portal
2026-02-12,1943.05,portal
2026-02-13,2218.712,portal
2026-02-14,2211.514,portal
2026-02-15,2161.724,portal
2026-02-16,2140.198,portal
2026-02-17,2325.959,portal
2026-02-18,2466.0,portal
2026-02-19,2382.899,portal
2026-02-20,2039.01,portal
2026-02-21,1600.1,portal
2026-02-22,1441.604,portal
2026-02-23,1667.546,portal
2026-02-24,1428.239,portal
2026-02-25,1385.992,portal
2026-02-26,1509.579,portal
2026-02-27,1528.31,portal
2026-02-28,1631.551,portal
2026-03-01,1569.925,portal
2026-03-02,1463.856,portal
2026-03-03,1558.185,portal
2026-03-04,1575.3,portal
2026-03-05,1448.431,portal
2026-03-06,1757.941,portal
2026-03-07,1677.112,portal
2026-03-08,1618.66,portal
2026-03-09,1614.043,portal
2026-03-10,1536.353,portal
2026-03-11,1504.765,portal
2026-03-12,1731.425,portal
2026-03-13,1830.347,portal
2026-03-14,1660.489,portal
2026-03-15,1711.849,portal
2026-03-16,1765.442,portal
2026-03-17,1332.08,portal
2026-03-18,1180.414,portal
2026-03-19,1247.884,portal
2026-03-20,1340.642,portal
2026-03-21,1256.593,portal
2026-03-22,1400.542,portal
2026-03-23,1445.798,portal
2026-03-24,1483.344,portal
2026-03-25,1816.969,portal
2026-03-26,1713.995,portal
2026-03-27,1576.371,portal
2026-03-28,1553.012,portal
2026-03-29,1726.041,portal
2026-03-30,1588.455,portal
2026-03-31,1290.317,portal
2026-04-01,1326.058,portal
2026-04-02,1343.385,portal
2026-04-03,1274.829,portal
2026-04-04,1277.015,portal
2026-04-05,1278.286,portal
2026-04-06,1214.273,portal
2026-04-07,1001.901,portal
2026-04-08,849.612,portal
2026-04-09,1001.016,portal
2026-04-10,1239.463,portal
2026-04-11,1252.27,portal
2026-04-12,1239.249,portal
2026-04-13,1318.207,portal
2026-04-14,1262.51,portal
2026-04-15,1094.247,portal
2026-04-16,1029.285,portal
2026-04-17,1018.178,portal
2026-04-18,954.154,portal
2026-04-19,1023.391,portal
2026-04-20,1162.174,portal
2026-04-21,1180.648,portal
2026-04-22,1114.381,portal
2026-04-23,1051.833,portal
2026-04-24,946.623,portal
2026-04-25,804.243,portal
2026-04-26,800.359,portal
2026-04-27,820.263,portal
2026-04-28,965.693,portal
2026-04-29,905.998,portal
2026-04-30,789.802,portal
2026-05-01,713.746,portal
2026-05-02,654.224,portal
2026-05-03,760.779,portal
2026-05-04,840.588,portal
2026-05-05,941.681,portal
2026-05-06,1007.681,portal
2026-05-07,1044.491,portal
2026-05-08,875.963,portal
2026-05-09,782.201,portal
2026-05-10,890.869,portal
2026-05-11,1131.51,portal
2026-05-12,1071.775,portal
2026-05-13,1147.914,portal
2026-05-14,1149.806,portal
2026-05-15,1102.142,portal
2026-05-16,1050.696,portal
2026-05-17,927.613,portal
2026-05-18,994.503,portal
2026-05-19,917.124,portal
2026-05-20,825.194,portal
2026-05-21,729.886,portal
2026-05-22,569.391,portal
2026-05-23,496.529,portal
2026-05-24,459.57,portal
2026-05-25,462.344,portal
2026-05-26,502.346,portal
2026-05-27,490.441,portal
2026-05-28,483.204,portal
2026-05-29,508.086,portal
2026-05-30,458.672,portal
2026-05-31,497.038,portal
2026-06-01,561.47,portal
2026-06-02,587.675,portal
2026-06-03,596.362,portal
2026-06-04,603.363,portal
2026-06-05,614.61,portal
2026-06-06,624.332,portal
2026-06-07,608.717,portal
2026-06-08,680.018,portal
2026-06-09,691.649,portal
2026-06-10,719.763,portal
2026-06-11,845.192,portal
2026-06-12,623.981,portal
2026-06-13,573.932,portal
2026-06-14,561.524,portal
2026-06-15,618.697,portal
2026-06-16,614.787,portal
2026-06-17,578.533,portal
2026-06-18,557.795,portal
2026-06-19,497.865,portal
2026-06-20,466.883,portal
2026-06-21,436.917,portal
2026-06-22,510.156,portal
2026-06-23,525.142,portal
2026-06-24,499.123,portal
2026-06-25,463.604,portal
2026-06-26,458.818,portal
2026-06-27,414.331,portal
2026-06-28,432.069,portal
2026-06-29,524.931,portal
2026-06-30,528.22,portal
2026-07-01,500.21,portal
2026-07-02,490.55,portal
2026-07-03,469.442,portal
2026-07-04,414.211,portal
2026-07-05,428.958,portal
2026-07-06,438.738,portal
2026-07-07,475.842,portal
2026-07-08,482.604,portal
2026-07-09,473.49,portal
2026-07-10,422.33,portal
2026-07-11,367.86,portal
2026-07-12,361.306,portal
2026-07-13,449.664,portal
2026-07-14,459.638,portal
2026-07-15,487.446,portal
2026-07-16,501.577,portal
2026-07-17,472.353,portal
2026-07-18,407.327,portal
2026-07-19,406.333,portal
2026-07-20,454.181,portal
2026-07-21,464.719,portal
2026-07-22,455.385,portal
2026-07-23,437.232,portal
2026-07-24,446.743,portal
2026-07-25,388.335,portal
2026-07-26,390.788,portal
2026-07-27,432.743,portal
2026-07-28,434.295,portal
2026-07-29,462.559,portal
2026-07-30,441.874,portal
2026-07-31,429.707,portal
2026-08-01,385.127,portal
2026-08-02,383.404,portal
2026-08-03,395.75,portal
2026-08-04,423.886,portal
2026-08-05,449.598,portal
2026-08-06,456.932,portal
2026-08-07,446.422,portal
2026-08-08,382.392,portal
2026-08-09,391.803,portal
2026-08-10,430.985,portal
2026-08-11,441.974,portal
2026-08-12,406.118,portal
2026-08-13,408.425,portal
2026-08-14,399.409,portal
2026-08-15,380.945,portal
2026-08-16,408.141,portal
2026-08-17,463.427,portal
2026-08-18,451.648,portal
2026-08-19,479.845,portal
2026-08-20,493.098,portal
2026-08-21,491.502,portal
2026-08-22,443.646,portal
2026-08-23,446.04,portal
2026-08-24,475.975,portal
2026-08-25,465.021,portal
2026-08-26,460.508,portal
2026-08-27,500.578,portal
2026-08-28,440.646,portal
2026-08-29,414.492,portal
2026-08-30,420.484,portal
2026-08-31,453.993,portal
2026-09-01,516.476,portal
2026-09-02,510.69,portal
2026-09-03,483.926,portal
2026-09-04,492.804,portal
2026-09-05,459.583,portal
2026-09-06,449.69,portal
2026-09-07,496.103,portal
2026-09-08,571.823,portal
2026-09-09,578.046,portal
2026-09-10,604.196,portal
2026-09-11,545.309,portal
2026-09-12,486.595,portal
2026-09-13,467.229,portal
2026-09-14,481.501,portal
2026-09-15,499.139,portal
2026-09-16,564.153,portal
2026-09-17,571.984,portal
2026-09-18,595.647,portal
2026-09-19,489.315,portal
2026-09-20,511.976,portal
2026-09-21,576.958,portal
2026-09-22,520.335,portal
2026-09-23,532.756,portal
2026-09-24,596.348,portal
2026-09-25,585.239,portal
2026-09-26,562.922,portal
2026-09-27,578.532,portal
